## What `input::keyboard_bytes` sent **on Windows** before T-KEYBOARD-PROTOCOL, captured from it
## on Windows at the branch's first commit (the function is main 5601a484's there), for every key below under all sixteen combinations of Shift, Alt,
## Ctrl and Super, with DECCKM off and on. `input::tests::a_program_that_never_asked_gets_exactly_the_bytes_it_got_before`
## holds today's encoder to it with no keyboard protocol in force: the promise is that a program which
## never asks — PSReadLine, cmd, Codex on Windows — receives exactly the bytes it received before.
##
## One file per platform, because the pre-ticket encoder already differed by platform in three places:
## `Shift+Insert` and `Ctrl+V` are the paste chords off a Mac (so they send nothing there), and
## `Alt+F4` is Windows' close chord. The test reads the file for the platform it runs on.
##
## A ticket that changes a legacy byte on purpose (T-CTRL-SPACE, T-ALT-BACKSPACE) changes its rows here
## and in `key_encoding.tsv` in the same commit, and says so.
##
## Columns, tab-separated: the key (a named key, or the character a US layout's key produces with no
## modifier; with Shift held the chord is built with the shifted character, as winit hands it over on
## Windows); the modifiers as bits (1 Shift, 2 Alt, 4 Ctrl, 8 Super); DECCKM (0/1); the bytes as hex, or
## `-` for none.
# key	mods	decckm	bytes
Enter	0	0	0d
Tab	0	0	09
Backspace	0	0	7f
Escape	0	0	1b
Space	0	0	20
ArrowUp	0	0	1b5b41
ArrowDown	0	0	1b5b42
ArrowLeft	0	0	1b5b44
ArrowRight	0	0	1b5b43
Home	0	0	1b5b48
End	0	0	1b5b46
Insert	0	0	1b5b327e
Delete	0	0	1b5b337e
PageUp	0	0	1b5b357e
PageDown	0	0	1b5b367e
F1	0	0	1b4f50
F2	0	0	1b4f51
F3	0	0	1b4f52
F4	0	0	1b4f53
F5	0	0	1b5b31357e
F6	0	0	1b5b31377e
F7	0	0	1b5b31387e
F8	0	0	1b5b31397e
F9	0	0	1b5b32307e
F10	0	0	1b5b32317e
F11	0	0	1b5b32337e
F12	0	0	1b5b32347e
a	0	0	61
b	0	0	62
c	0	0	63
d	0	0	64
e	0	0	65
f	0	0	66
g	0	0	67
h	0	0	68
i	0	0	69
j	0	0	6a
k	0	0	6b
l	0	0	6c
m	0	0	6d
n	0	0	6e
o	0	0	6f
p	0	0	70
q	0	0	71
r	0	0	72
s	0	0	73
t	0	0	74
u	0	0	75
v	0	0	76
w	0	0	77
x	0	0	78
y	0	0	79
z	0	0	7a
0	0	0	30
1	0	0	31
2	0	0	32
3	0	0	33
4	0	0	34
5	0	0	35
6	0	0	36
7	0	0	37
8	0	0	38
9	0	0	39
`	0	0	60
-	0	0	2d
=	0	0	3d
[	0	0	5b
]	0	0	5d
\	0	0	5c
;	0	0	3b
'	0	0	27
,	0	0	2c
.	0	0	2e
/	0	0	2f
Enter	0	1	0d
Tab	0	1	09
Backspace	0	1	7f
Escape	0	1	1b
Space	0	1	20
ArrowUp	0	1	1b4f41
ArrowDown	0	1	1b4f42
ArrowLeft	0	1	1b4f44
ArrowRight	0	1	1b4f43
Home	0	1	1b4f48
End	0	1	1b4f46
Insert	0	1	1b5b327e
Delete	0	1	1b5b337e
PageUp	0	1	1b5b357e
PageDown	0	1	1b5b367e
F1	0	1	1b4f50
F2	0	1	1b4f51
F3	0	1	1b4f52
F4	0	1	1b4f53
F5	0	1	1b5b31357e
F6	0	1	1b5b31377e
F7	0	1	1b5b31387e
F8	0	1	1b5b31397e
F9	0	1	1b5b32307e
F10	0	1	1b5b32317e
F11	0	1	1b5b32337e
F12	0	1	1b5b32347e
a	0	1	61
b	0	1	62
c	0	1	63
d	0	1	64
e	0	1	65
f	0	1	66
g	0	1	67
h	0	1	68
i	0	1	69
j	0	1	6a
k	0	1	6b
l	0	1	6c
m	0	1	6d
n	0	1	6e
o	0	1	6f
p	0	1	70
q	0	1	71
r	0	1	72
s	0	1	73
t	0	1	74
u	0	1	75
v	0	1	76
w	0	1	77
x	0	1	78
y	0	1	79
z	0	1	7a
0	0	1	30
1	0	1	31
2	0	1	32
3	0	1	33
4	0	1	34
5	0	1	35
6	0	1	36
7	0	1	37
8	0	1	38
9	0	1	39
`	0	1	60
-	0	1	2d
=	0	1	3d
[	0	1	5b
]	0	1	5d
\	0	1	5c
;	0	1	3b
'	0	1	27
,	0	1	2c
.	0	1	2e
/	0	1	2f
Enter	1	0	0d
Tab	1	0	1b5b5a
Backspace	1	0	7f
Escape	1	0	1b
Space	1	0	20
ArrowUp	1	0	1b5b313b3241
ArrowDown	1	0	1b5b313b3242
ArrowLeft	1	0	1b5b313b3244
ArrowRight	1	0	1b5b313b3243
Home	1	0	1b5b313b3248
End	1	0	1b5b313b3246
Insert	1	0	-
Delete	1	0	1b5b333b327e
PageUp	1	0	1b5b353b327e
PageDown	1	0	1b5b363b327e
F1	1	0	1b5b313b3250
F2	1	0	1b5b313b3251
F3	1	0	1b5b313b3252
F4	1	0	1b5b313b3253
F5	1	0	1b5b31353b327e
F6	1	0	1b5b31373b327e
F7	1	0	1b5b31383b327e
F8	1	0	1b5b31393b327e
F9	1	0	1b5b32303b327e
F10	1	0	1b5b32313b327e
F11	1	0	1b5b32333b327e
F12	1	0	1b5b32343b327e
a	1	0	41
b	1	0	42
c	1	0	43
d	1	0	44
e	1	0	45
f	1	0	46
g	1	0	47
h	1	0	48
i	1	0	49
j	1	0	4a
k	1	0	4b
l	1	0	4c
m	1	0	4d
n	1	0	4e
o	1	0	4f
p	1	0	50
q	1	0	51
r	1	0	52
s	1	0	53
t	1	0	54
u	1	0	55
v	1	0	56
w	1	0	57
x	1	0	58
y	1	0	59
z	1	0	5a
0	1	0	29
1	1	0	21
2	1	0	40
3	1	0	23
4	1	0	24
5	1	0	25
6	1	0	5e
7	1	0	26
8	1	0	2a
9	1	0	28
`	1	0	7e
-	1	0	5f
=	1	0	2b
[	1	0	7b
]	1	0	7d
\	1	0	7c
;	1	0	3a
'	1	0	22
,	1	0	3c
.	1	0	3e
/	1	0	3f
Enter	1	1	0d
Tab	1	1	1b5b5a
Backspace	1	1	7f
Escape	1	1	1b
Space	1	1	20
ArrowUp	1	1	1b5b313b3241
ArrowDown	1	1	1b5b313b3242
ArrowLeft	1	1	1b5b313b3244
ArrowRight	1	1	1b5b313b3243
Home	1	1	1b5b313b3248
End	1	1	1b5b313b3246
Insert	1	1	-
Delete	1	1	1b5b333b327e
PageUp	1	1	1b5b353b327e
PageDown	1	1	1b5b363b327e
F1	1	1	1b5b313b3250
F2	1	1	1b5b313b3251
F3	1	1	1b5b313b3252
F4	1	1	1b5b313b3253
F5	1	1	1b5b31353b327e
F6	1	1	1b5b31373b327e
F7	1	1	1b5b31383b327e
F8	1	1	1b5b31393b327e
F9	1	1	1b5b32303b327e
F10	1	1	1b5b32313b327e
F11	1	1	1b5b32333b327e
F12	1	1	1b5b32343b327e
a	1	1	41
b	1	1	42
c	1	1	43
d	1	1	44
e	1	1	45
f	1	1	46
g	1	1	47
h	1	1	48
i	1	1	49
j	1	1	4a
k	1	1	4b
l	1	1	4c
m	1	1	4d
n	1	1	4e
o	1	1	4f
p	1	1	50
q	1	1	51
r	1	1	52
s	1	1	53
t	1	1	54
u	1	1	55
v	1	1	56
w	1	1	57
x	1	1	58
y	1	1	59
z	1	1	5a
0	1	1	29
1	1	1	21
2	1	1	40
3	1	1	23
4	1	1	24
5	1	1	25
6	1	1	5e
7	1	1	26
8	1	1	2a
9	1	1	28
`	1	1	7e
-	1	1	5f
=	1	1	2b
[	1	1	7b
]	1	1	7d
\	1	1	7c
;	1	1	3a
'	1	1	22
,	1	1	3c
.	1	1	3e
/	1	1	3f
Enter	2	0	0d
Tab	2	0	09
Backspace	2	0	7f
Escape	2	0	1b
Space	2	0	1b20
ArrowUp	2	0	1b5b313b3341
ArrowDown	2	0	1b5b313b3342
ArrowLeft	2	0	1b5b313b3344
ArrowRight	2	0	1b5b313b3343
Home	2	0	1b5b313b3348
End	2	0	1b5b313b3346
Insert	2	0	1b5b323b337e
Delete	2	0	1b5b333b337e
PageUp	2	0	1b5b353b337e
PageDown	2	0	1b5b363b337e
F1	2	0	1b5b313b3350
F2	2	0	1b5b313b3351
F3	2	0	1b5b313b3352
F4	2	0	-
F5	2	0	1b5b31353b337e
F6	2	0	1b5b31373b337e
F7	2	0	1b5b31383b337e
F8	2	0	1b5b31393b337e
F9	2	0	1b5b32303b337e
F10	2	0	1b5b32313b337e
F11	2	0	1b5b32333b337e
F12	2	0	1b5b32343b337e
a	2	0	1b61
b	2	0	1b62
c	2	0	1b63
d	2	0	1b64
e	2	0	1b65
f	2	0	1b66
g	2	0	1b67
h	2	0	1b68
i	2	0	1b69
j	2	0	1b6a
k	2	0	1b6b
l	2	0	1b6c
m	2	0	1b6d
n	2	0	1b6e
o	2	0	1b6f
p	2	0	1b70
q	2	0	1b71
r	2	0	1b72
s	2	0	1b73
t	2	0	1b74
u	2	0	1b75
v	2	0	1b76
w	2	0	1b77
x	2	0	1b78
y	2	0	1b79
z	2	0	1b7a
0	2	0	1b30
1	2	0	1b31
2	2	0	1b32
3	2	0	1b33
4	2	0	1b34
5	2	0	1b35
6	2	0	1b36
7	2	0	1b37
8	2	0	1b38
9	2	0	1b39
`	2	0	1b60
-	2	0	1b2d
=	2	0	1b3d
[	2	0	1b5b
]	2	0	1b5d
\	2	0	1b5c
;	2	0	1b3b
'	2	0	1b27
,	2	0	1b2c
.	2	0	1b2e
/	2	0	1b2f
Enter	2	1	0d
Tab	2	1	09
Backspace	2	1	7f
Escape	2	1	1b
Space	2	1	1b20
ArrowUp	2	1	1b5b313b3341
ArrowDown	2	1	1b5b313b3342
ArrowLeft	2	1	1b5b313b3344
ArrowRight	2	1	1b5b313b3343
Home	2	1	1b5b313b3348
End	2	1	1b5b313b3346
Insert	2	1	1b5b323b337e
Delete	2	1	1b5b333b337e
PageUp	2	1	1b5b353b337e
PageDown	2	1	1b5b363b337e
F1	2	1	1b5b313b3350
F2	2	1	1b5b313b3351
F3	2	1	1b5b313b3352
F4	2	1	-
F5	2	1	1b5b31353b337e
F6	2	1	1b5b31373b337e
F7	2	1	1b5b31383b337e
F8	2	1	1b5b31393b337e
F9	2	1	1b5b32303b337e
F10	2	1	1b5b32313b337e
F11	2	1	1b5b32333b337e
F12	2	1	1b5b32343b337e
a	2	1	1b61
b	2	1	1b62
c	2	1	1b63
d	2	1	1b64
e	2	1	1b65
f	2	1	1b66
g	2	1	1b67
h	2	1	1b68
i	2	1	1b69
j	2	1	1b6a
k	2	1	1b6b
l	2	1	1b6c
m	2	1	1b6d
n	2	1	1b6e
o	2	1	1b6f
p	2	1	1b70
q	2	1	1b71
r	2	1	1b72
s	2	1	1b73
t	2	1	1b74
u	2	1	1b75
v	2	1	1b76
w	2	1	1b77
x	2	1	1b78
y	2	1	1b79
z	2	1	1b7a
0	2	1	1b30
1	2	1	1b31
2	2	1	1b32
3	2	1	1b33
4	2	1	1b34
5	2	1	1b35
6	2	1	1b36
7	2	1	1b37
8	2	1	1b38
9	2	1	1b39
`	2	1	1b60
-	2	1	1b2d
=	2	1	1b3d
[	2	1	1b5b
]	2	1	1b5d
\	2	1	1b5c
;	2	1	1b3b
'	2	1	1b27
,	2	1	1b2c
.	2	1	1b2e
/	2	1	1b2f
Enter	3	0	0d
Tab	3	0	1b5b5a
Backspace	3	0	7f
Escape	3	0	1b
Space	3	0	1b20
ArrowUp	3	0	1b5b313b3441
ArrowDown	3	0	1b5b313b3442
ArrowLeft	3	0	1b5b313b3444
ArrowRight	3	0	1b5b313b3443
Home	3	0	1b5b313b3448
End	3	0	1b5b313b3446
Insert	3	0	1b5b323b347e
Delete	3	0	1b5b333b347e
PageUp	3	0	1b5b353b347e
PageDown	3	0	1b5b363b347e
F1	3	0	1b5b313b3450
F2	3	0	1b5b313b3451
F3	3	0	1b5b313b3452
F4	3	0	-
F5	3	0	1b5b31353b347e
F6	3	0	1b5b31373b347e
F7	3	0	1b5b31383b347e
F8	3	0	1b5b31393b347e
F9	3	0	1b5b32303b347e
F10	3	0	1b5b32313b347e
F11	3	0	1b5b32333b347e
F12	3	0	1b5b32343b347e
a	3	0	1b41
b	3	0	1b42
c	3	0	1b43
d	3	0	1b44
e	3	0	1b45
f	3	0	1b46
g	3	0	1b47
h	3	0	1b48
i	3	0	1b49
j	3	0	1b4a
k	3	0	1b4b
l	3	0	1b4c
m	3	0	1b4d
n	3	0	1b4e
o	3	0	1b4f
p	3	0	1b50
q	3	0	1b51
r	3	0	1b52
s	3	0	1b53
t	3	0	1b54
u	3	0	1b55
v	3	0	1b56
w	3	0	1b57
x	3	0	1b58
y	3	0	1b59
z	3	0	1b5a
0	3	0	1b29
1	3	0	1b21
2	3	0	1b40
3	3	0	1b23
4	3	0	1b24
5	3	0	1b25
6	3	0	1b5e
7	3	0	1b26
8	3	0	1b2a
9	3	0	1b28
`	3	0	1b7e
-	3	0	1b5f
=	3	0	1b2b
[	3	0	1b7b
]	3	0	1b7d
\	3	0	1b7c
;	3	0	1b3a
'	3	0	1b22
,	3	0	1b3c
.	3	0	1b3e
/	3	0	1b3f
Enter	3	1	0d
Tab	3	1	1b5b5a
Backspace	3	1	7f
Escape	3	1	1b
Space	3	1	1b20
ArrowUp	3	1	1b5b313b3441
ArrowDown	3	1	1b5b313b3442
ArrowLeft	3	1	1b5b313b3444
ArrowRight	3	1	1b5b313b3443
Home	3	1	1b5b313b3448
End	3	1	1b5b313b3446
Insert	3	1	1b5b323b347e
Delete	3	1	1b5b333b347e
PageUp	3	1	1b5b353b347e
PageDown	3	1	1b5b363b347e
F1	3	1	1b5b313b3450
F2	3	1	1b5b313b3451
F3	3	1	1b5b313b3452
F4	3	1	-
F5	3	1	1b5b31353b347e
F6	3	1	1b5b31373b347e
F7	3	1	1b5b31383b347e
F8	3	1	1b5b31393b347e
F9	3	1	1b5b32303b347e
F10	3	1	1b5b32313b347e
F11	3	1	1b5b32333b347e
F12	3	1	1b5b32343b347e
a	3	1	1b41
b	3	1	1b42
c	3	1	1b43
d	3	1	1b44
e	3	1	1b45
f	3	1	1b46
g	3	1	1b47
h	3	1	1b48
i	3	1	1b49
j	3	1	1b4a
k	3	1	1b4b
l	3	1	1b4c
m	3	1	1b4d
n	3	1	1b4e
o	3	1	1b4f
p	3	1	1b50
q	3	1	1b51
r	3	1	1b52
s	3	1	1b53
t	3	1	1b54
u	3	1	1b55
v	3	1	1b56
w	3	1	1b57
x	3	1	1b58
y	3	1	1b59
z	3	1	1b5a
0	3	1	1b29
1	3	1	1b21
2	3	1	1b40
3	3	1	1b23
4	3	1	1b24
5	3	1	1b25
6	3	1	1b5e
7	3	1	1b26
8	3	1	1b2a
9	3	1	1b28
`	3	1	1b7e
-	3	1	1b5f
=	3	1	1b2b
[	3	1	1b7b
]	3	1	1b7d
\	3	1	1b7c
;	3	1	1b3a
'	3	1	1b22
,	3	1	1b3c
.	3	1	1b3e
/	3	1	1b3f
Enter	4	0	0d
Tab	4	0	09
Backspace	4	0	7f
Escape	4	0	1b
Space	4	0	-
ArrowUp	4	0	1b5b313b3541
ArrowDown	4	0	1b5b313b3542
ArrowLeft	4	0	1b5b313b3544
ArrowRight	4	0	1b5b313b3543
Home	4	0	1b5b313b3548
End	4	0	1b5b313b3546
Insert	4	0	1b5b323b357e
Delete	4	0	1b5b333b357e
PageUp	4	0	1b5b353b357e
PageDown	4	0	1b5b363b357e
F1	4	0	1b5b313b3550
F2	4	0	1b5b313b3551
F3	4	0	1b5b313b3552
F4	4	0	1b5b313b3553
F5	4	0	1b5b31353b357e
F6	4	0	1b5b31373b357e
F7	4	0	1b5b31383b357e
F8	4	0	1b5b31393b357e
F9	4	0	1b5b32303b357e
F10	4	0	1b5b32313b357e
F11	4	0	1b5b32333b357e
F12	4	0	1b5b32343b357e
a	4	0	01
b	4	0	02
c	4	0	03
d	4	0	04
e	4	0	05
f	4	0	06
g	4	0	07
h	4	0	08
i	4	0	09
j	4	0	0a
k	4	0	0b
l	4	0	0c
m	4	0	0d
n	4	0	0e
o	4	0	0f
p	4	0	10
q	4	0	11
r	4	0	12
s	4	0	13
t	4	0	14
u	4	0	15
v	4	0	-
w	4	0	17
x	4	0	18
y	4	0	19
z	4	0	1a
0	4	0	-
1	4	0	-
2	4	0	-
3	4	0	-
4	4	0	-
5	4	0	-
6	4	0	-
7	4	0	-
8	4	0	-
9	4	0	-
`	4	0	-
-	4	0	-
=	4	0	-
[	4	0	1b
]	4	0	1d
\	4	0	1c
;	4	0	-
'	4	0	-
,	4	0	-
.	4	0	-
/	4	0	-
Enter	4	1	0d
Tab	4	1	09
Backspace	4	1	7f
Escape	4	1	1b
Space	4	1	-
ArrowUp	4	1	1b5b313b3541
ArrowDown	4	1	1b5b313b3542
ArrowLeft	4	1	1b5b313b3544
ArrowRight	4	1	1b5b313b3543
Home	4	1	1b5b313b3548
End	4	1	1b5b313b3546
Insert	4	1	1b5b323b357e
Delete	4	1	1b5b333b357e
PageUp	4	1	1b5b353b357e
PageDown	4	1	1b5b363b357e
F1	4	1	1b5b313b3550
F2	4	1	1b5b313b3551
F3	4	1	1b5b313b3552
F4	4	1	1b5b313b3553
F5	4	1	1b5b31353b357e
F6	4	1	1b5b31373b357e
F7	4	1	1b5b31383b357e
F8	4	1	1b5b31393b357e
F9	4	1	1b5b32303b357e
F10	4	1	1b5b32313b357e
F11	4	1	1b5b32333b357e
F12	4	1	1b5b32343b357e
a	4	1	01
b	4	1	02
c	4	1	03
d	4	1	04
e	4	1	05
f	4	1	06
g	4	1	07
h	4	1	08
i	4	1	09
j	4	1	0a
k	4	1	0b
l	4	1	0c
m	4	1	0d
n	4	1	0e
o	4	1	0f
p	4	1	10
q	4	1	11
r	4	1	12
s	4	1	13
t	4	1	14
u	4	1	15
v	4	1	-
w	4	1	17
x	4	1	18
y	4	1	19
z	4	1	1a
0	4	1	-
1	4	1	-
2	4	1	-
3	4	1	-
4	4	1	-
5	4	1	-
6	4	1	-
7	4	1	-
8	4	1	-
9	4	1	-
`	4	1	-
-	4	1	-
=	4	1	-
[	4	1	1b
]	4	1	1d
\	4	1	1c
;	4	1	-
'	4	1	-
,	4	1	-
.	4	1	-
/	4	1	-
Enter	5	0	0d
Tab	5	0	1b5b5a
Backspace	5	0	7f
Escape	5	0	1b
Space	5	0	-
ArrowUp	5	0	1b5b313b3641
ArrowDown	5	0	1b5b313b3642
ArrowLeft	5	0	1b5b313b3644
ArrowRight	5	0	1b5b313b3643
Home	5	0	1b5b313b3648
End	5	0	1b5b313b3646
Insert	5	0	1b5b323b367e
Delete	5	0	1b5b333b367e
PageUp	5	0	1b5b353b367e
PageDown	5	0	1b5b363b367e
F1	5	0	1b5b313b3650
F2	5	0	1b5b313b3651
F3	5	0	1b5b313b3652
F4	5	0	1b5b313b3653
F5	5	0	1b5b31353b367e
F6	5	0	1b5b31373b367e
F7	5	0	1b5b31383b367e
F8	5	0	1b5b31393b367e
F9	5	0	1b5b32303b367e
F10	5	0	1b5b32313b367e
F11	5	0	1b5b32333b367e
F12	5	0	1b5b32343b367e
a	5	0	01
b	5	0	02
c	5	0	03
d	5	0	04
e	5	0	05
f	5	0	06
g	5	0	07
h	5	0	08
i	5	0	09
j	5	0	0a
k	5	0	0b
l	5	0	0c
m	5	0	0d
n	5	0	0e
o	5	0	0f
p	5	0	10
q	5	0	11
r	5	0	12
s	5	0	13
t	5	0	14
u	5	0	15
v	5	0	-
w	5	0	17
x	5	0	18
y	5	0	19
z	5	0	1a
0	5	0	-
1	5	0	-
2	5	0	00
3	5	0	-
4	5	0	-
5	5	0	-
6	5	0	1e
7	5	0	-
8	5	0	-
9	5	0	-
`	5	0	-
-	5	0	1f
=	5	0	-
[	5	0	-
]	5	0	-
\	5	0	-
;	5	0	-
'	5	0	-
,	5	0	-
.	5	0	-
/	5	0	7f
Enter	5	1	0d
Tab	5	1	1b5b5a
Backspace	5	1	7f
Escape	5	1	1b
Space	5	1	-
ArrowUp	5	1	1b5b313b3641
ArrowDown	5	1	1b5b313b3642
ArrowLeft	5	1	1b5b313b3644
ArrowRight	5	1	1b5b313b3643
Home	5	1	1b5b313b3648
End	5	1	1b5b313b3646
Insert	5	1	1b5b323b367e
Delete	5	1	1b5b333b367e
PageUp	5	1	1b5b353b367e
PageDown	5	1	1b5b363b367e
F1	5	1	1b5b313b3650
F2	5	1	1b5b313b3651
F3	5	1	1b5b313b3652
F4	5	1	1b5b313b3653
F5	5	1	1b5b31353b367e
F6	5	1	1b5b31373b367e
F7	5	1	1b5b31383b367e
F8	5	1	1b5b31393b367e
F9	5	1	1b5b32303b367e
F10	5	1	1b5b32313b367e
F11	5	1	1b5b32333b367e
F12	5	1	1b5b32343b367e
a	5	1	01
b	5	1	02
c	5	1	03
d	5	1	04
e	5	1	05
f	5	1	06
g	5	1	07
h	5	1	08
i	5	1	09
j	5	1	0a
k	5	1	0b
l	5	1	0c
m	5	1	0d
n	5	1	0e
o	5	1	0f
p	5	1	10
q	5	1	11
r	5	1	12
s	5	1	13
t	5	1	14
u	5	1	15
v	5	1	-
w	5	1	17
x	5	1	18
y	5	1	19
z	5	1	1a
0	5	1	-
1	5	1	-
2	5	1	00
3	5	1	-
4	5	1	-
5	5	1	-
6	5	1	1e
7	5	1	-
8	5	1	-
9	5	1	-
`	5	1	-
-	5	1	1f
=	5	1	-
[	5	1	-
]	5	1	-
\	5	1	-
;	5	1	-
'	5	1	-
,	5	1	-
.	5	1	-
/	5	1	7f
Enter	6	0	0d
Tab	6	0	09
Backspace	6	0	7f
Escape	6	0	1b
Space	6	0	-
ArrowUp	6	0	1b5b313b3741
ArrowDown	6	0	1b5b313b3742
ArrowLeft	6	0	1b5b313b3744
ArrowRight	6	0	1b5b313b3743
Home	6	0	1b5b313b3748
End	6	0	1b5b313b3746
Insert	6	0	1b5b323b377e
Delete	6	0	1b5b333b377e
PageUp	6	0	1b5b353b377e
PageDown	6	0	1b5b363b377e
F1	6	0	1b5b313b3750
F2	6	0	1b5b313b3751
F3	6	0	1b5b313b3752
F4	6	0	-
F5	6	0	1b5b31353b377e
F6	6	0	1b5b31373b377e
F7	6	0	1b5b31383b377e
F8	6	0	1b5b31393b377e
F9	6	0	1b5b32303b377e
F10	6	0	1b5b32313b377e
F11	6	0	1b5b32333b377e
F12	6	0	1b5b32343b377e
a	6	0	1b01
b	6	0	1b02
c	6	0	03
d	6	0	1b04
e	6	0	1b05
f	6	0	1b06
g	6	0	1b07
h	6	0	1b08
i	6	0	1b09
j	6	0	1b0a
k	6	0	1b0b
l	6	0	1b0c
m	6	0	1b0d
n	6	0	1b0e
o	6	0	1b0f
p	6	0	1b10
q	6	0	1b11
r	6	0	1b12
s	6	0	1b13
t	6	0	1b14
u	6	0	1b15
v	6	0	-
w	6	0	1b17
x	6	0	1b18
y	6	0	1b19
z	6	0	1b1a
0	6	0	-
1	6	0	-
2	6	0	-
3	6	0	-
4	6	0	-
5	6	0	-
6	6	0	-
7	6	0	-
8	6	0	-
9	6	0	-
`	6	0	-
-	6	0	-
=	6	0	-
[	6	0	1b1b
]	6	0	1b1d
\	6	0	1b1c
;	6	0	-
'	6	0	-
,	6	0	-
.	6	0	-
/	6	0	-
Enter	6	1	0d
Tab	6	1	09
Backspace	6	1	7f
Escape	6	1	1b
Space	6	1	-
ArrowUp	6	1	1b5b313b3741
ArrowDown	6	1	1b5b313b3742
ArrowLeft	6	1	1b5b313b3744
ArrowRight	6	1	1b5b313b3743
Home	6	1	1b5b313b3748
End	6	1	1b5b313b3746
Insert	6	1	1b5b323b377e
Delete	6	1	1b5b333b377e
PageUp	6	1	1b5b353b377e
PageDown	6	1	1b5b363b377e
F1	6	1	1b5b313b3750
F2	6	1	1b5b313b3751
F3	6	1	1b5b313b3752
F4	6	1	-
F5	6	1	1b5b31353b377e
F6	6	1	1b5b31373b377e
F7	6	1	1b5b31383b377e
F8	6	1	1b5b31393b377e
F9	6	1	1b5b32303b377e
F10	6	1	1b5b32313b377e
F11	6	1	1b5b32333b377e
F12	6	1	1b5b32343b377e
a	6	1	1b01
b	6	1	1b02
c	6	1	03
d	6	1	1b04
e	6	1	1b05
f	6	1	1b06
g	6	1	1b07
h	6	1	1b08
i	6	1	1b09
j	6	1	1b0a
k	6	1	1b0b
l	6	1	1b0c
m	6	1	1b0d
n	6	1	1b0e
o	6	1	1b0f
p	6	1	1b10
q	6	1	1b11
r	6	1	1b12
s	6	1	1b13
t	6	1	1b14
u	6	1	1b15
v	6	1	-
w	6	1	1b17
x	6	1	1b18
y	6	1	1b19
z	6	1	1b1a
0	6	1	-
1	6	1	-
2	6	1	-
3	6	1	-
4	6	1	-
5	6	1	-
6	6	1	-
7	6	1	-
8	6	1	-
9	6	1	-
`	6	1	-
-	6	1	-
=	6	1	-
[	6	1	1b1b
]	6	1	1b1d
\	6	1	1b1c
;	6	1	-
'	6	1	-
,	6	1	-
.	6	1	-
/	6	1	-
Enter	7	0	0d
Tab	7	0	1b5b5a
Backspace	7	0	7f
Escape	7	0	1b
Space	7	0	-
ArrowUp	7	0	1b5b313b3841
ArrowDown	7	0	1b5b313b3842
ArrowLeft	7	0	1b5b313b3844
ArrowRight	7	0	1b5b313b3843
Home	7	0	1b5b313b3848
End	7	0	1b5b313b3846
Insert	7	0	1b5b323b387e
Delete	7	0	1b5b333b387e
PageUp	7	0	1b5b353b387e
PageDown	7	0	1b5b363b387e
F1	7	0	1b5b313b3850
F2	7	0	1b5b313b3851
F3	7	0	1b5b313b3852
F4	7	0	-
F5	7	0	1b5b31353b387e
F6	7	0	1b5b31373b387e
F7	7	0	1b5b31383b387e
F8	7	0	1b5b31393b387e
F9	7	0	1b5b32303b387e
F10	7	0	1b5b32313b387e
F11	7	0	1b5b32333b387e
F12	7	0	1b5b32343b387e
a	7	0	1b01
b	7	0	1b02
c	7	0	03
d	7	0	1b04
e	7	0	1b05
f	7	0	1b06
g	7	0	1b07
h	7	0	1b08
i	7	0	1b09
j	7	0	1b0a
k	7	0	1b0b
l	7	0	1b0c
m	7	0	1b0d
n	7	0	1b0e
o	7	0	1b0f
p	7	0	1b10
q	7	0	1b11
r	7	0	1b12
s	7	0	1b13
t	7	0	1b14
u	7	0	1b15
v	7	0	-
w	7	0	1b17
x	7	0	1b18
y	7	0	1b19
z	7	0	1b1a
0	7	0	-
1	7	0	-
2	7	0	1b00
3	7	0	-
4	7	0	-
5	7	0	-
6	7	0	1b1e
7	7	0	-
8	7	0	-
9	7	0	-
`	7	0	-
-	7	0	1b1f
=	7	0	-
[	7	0	-
]	7	0	-
\	7	0	-
;	7	0	-
'	7	0	-
,	7	0	-
.	7	0	-
/	7	0	1b7f
Enter	7	1	0d
Tab	7	1	1b5b5a
Backspace	7	1	7f
Escape	7	1	1b
Space	7	1	-
ArrowUp	7	1	1b5b313b3841
ArrowDown	7	1	1b5b313b3842
ArrowLeft	7	1	1b5b313b3844
ArrowRight	7	1	1b5b313b3843
Home	7	1	1b5b313b3848
End	7	1	1b5b313b3846
Insert	7	1	1b5b323b387e
Delete	7	1	1b5b333b387e
PageUp	7	1	1b5b353b387e
PageDown	7	1	1b5b363b387e
F1	7	1	1b5b313b3850
F2	7	1	1b5b313b3851
F3	7	1	1b5b313b3852
F4	7	1	-
F5	7	1	1b5b31353b387e
F6	7	1	1b5b31373b387e
F7	7	1	1b5b31383b387e
F8	7	1	1b5b31393b387e
F9	7	1	1b5b32303b387e
F10	7	1	1b5b32313b387e
F11	7	1	1b5b32333b387e
F12	7	1	1b5b32343b387e
a	7	1	1b01
b	7	1	1b02
c	7	1	03
d	7	1	1b04
e	7	1	1b05
f	7	1	1b06
g	7	1	1b07
h	7	1	1b08
i	7	1	1b09
j	7	1	1b0a
k	7	1	1b0b
l	7	1	1b0c
m	7	1	1b0d
n	7	1	1b0e
o	7	1	1b0f
p	7	1	1b10
q	7	1	1b11
r	7	1	1b12
s	7	1	1b13
t	7	1	1b14
u	7	1	1b15
v	7	1	-
w	7	1	1b17
x	7	1	1b18
y	7	1	1b19
z	7	1	1b1a
0	7	1	-
1	7	1	-
2	7	1	1b00
3	7	1	-
4	7	1	-
5	7	1	-
6	7	1	1b1e
7	7	1	-
8	7	1	-
9	7	1	-
`	7	1	-
-	7	1	1b1f
=	7	1	-
[	7	1	-
]	7	1	-
\	7	1	-
;	7	1	-
'	7	1	-
,	7	1	-
.	7	1	-
/	7	1	1b7f
Enter	8	0	0d
Tab	8	0	09
Backspace	8	0	7f
Escape	8	0	1b
Space	8	0	-
ArrowUp	8	0	1b5b41
ArrowDown	8	0	1b5b42
ArrowLeft	8	0	1b5b44
ArrowRight	8	0	1b5b43
Home	8	0	1b5b48
End	8	0	1b5b46
Insert	8	0	1b5b327e
Delete	8	0	1b5b337e
PageUp	8	0	1b5b357e
PageDown	8	0	1b5b367e
F1	8	0	-
F2	8	0	-
F3	8	0	-
F4	8	0	-
F5	8	0	-
F6	8	0	-
F7	8	0	-
F8	8	0	-
F9	8	0	-
F10	8	0	-
F11	8	0	-
F12	8	0	-
a	8	0	-
b	8	0	-
c	8	0	-
d	8	0	-
e	8	0	-
f	8	0	-
g	8	0	-
h	8	0	-
i	8	0	-
j	8	0	-
k	8	0	-
l	8	0	-
m	8	0	-
n	8	0	-
o	8	0	-
p	8	0	-
q	8	0	-
r	8	0	-
s	8	0	-
t	8	0	-
u	8	0	-
v	8	0	-
w	8	0	-
x	8	0	-
y	8	0	-
z	8	0	-
0	8	0	-
1	8	0	-
2	8	0	-
3	8	0	-
4	8	0	-
5	8	0	-
6	8	0	-
7	8	0	-
8	8	0	-
9	8	0	-
`	8	0	-
-	8	0	-
=	8	0	-
[	8	0	-
]	8	0	-
\	8	0	-
;	8	0	-
'	8	0	-
,	8	0	-
.	8	0	-
/	8	0	-
Enter	8	1	0d
Tab	8	1	09
Backspace	8	1	7f
Escape	8	1	1b
Space	8	1	-
ArrowUp	8	1	1b4f41
ArrowDown	8	1	1b4f42
ArrowLeft	8	1	1b4f44
ArrowRight	8	1	1b4f43
Home	8	1	1b4f48
End	8	1	1b4f46
Insert	8	1	1b5b327e
Delete	8	1	1b5b337e
PageUp	8	1	1b5b357e
PageDown	8	1	1b5b367e
F1	8	1	-
F2	8	1	-
F3	8	1	-
F4	8	1	-
F5	8	1	-
F6	8	1	-
F7	8	1	-
F8	8	1	-
F9	8	1	-
F10	8	1	-
F11	8	1	-
F12	8	1	-
a	8	1	-
b	8	1	-
c	8	1	-
d	8	1	-
e	8	1	-
f	8	1	-
g	8	1	-
h	8	1	-
i	8	1	-
j	8	1	-
k	8	1	-
l	8	1	-
m	8	1	-
n	8	1	-
o	8	1	-
p	8	1	-
q	8	1	-
r	8	1	-
s	8	1	-
t	8	1	-
u	8	1	-
v	8	1	-
w	8	1	-
x	8	1	-
y	8	1	-
z	8	1	-
0	8	1	-
1	8	1	-
2	8	1	-
3	8	1	-
4	8	1	-
5	8	1	-
6	8	1	-
7	8	1	-
8	8	1	-
9	8	1	-
`	8	1	-
-	8	1	-
=	8	1	-
[	8	1	-
]	8	1	-
\	8	1	-
;	8	1	-
'	8	1	-
,	8	1	-
.	8	1	-
/	8	1	-
Enter	9	0	0d
Tab	9	0	1b5b5a
Backspace	9	0	7f
Escape	9	0	1b
Space	9	0	-
ArrowUp	9	0	1b5b313b3241
ArrowDown	9	0	1b5b313b3242
ArrowLeft	9	0	1b5b313b3244
ArrowRight	9	0	1b5b313b3243
Home	9	0	1b5b313b3248
End	9	0	1b5b313b3246
Insert	9	0	1b5b323b327e
Delete	9	0	1b5b333b327e
PageUp	9	0	1b5b353b327e
PageDown	9	0	1b5b363b327e
F1	9	0	-
F2	9	0	-
F3	9	0	-
F4	9	0	-
F5	9	0	-
F6	9	0	-
F7	9	0	-
F8	9	0	-
F9	9	0	-
F10	9	0	-
F11	9	0	-
F12	9	0	-
a	9	0	-
b	9	0	-
c	9	0	-
d	9	0	-
e	9	0	-
f	9	0	-
g	9	0	-
h	9	0	-
i	9	0	-
j	9	0	-
k	9	0	-
l	9	0	-
m	9	0	-
n	9	0	-
o	9	0	-
p	9	0	-
q	9	0	-
r	9	0	-
s	9	0	-
t	9	0	-
u	9	0	-
v	9	0	-
w	9	0	-
x	9	0	-
y	9	0	-
z	9	0	-
0	9	0	-
1	9	0	-
2	9	0	-
3	9	0	-
4	9	0	-
5	9	0	-
6	9	0	-
7	9	0	-
8	9	0	-
9	9	0	-
`	9	0	-
-	9	0	-
=	9	0	-
[	9	0	-
]	9	0	-
\	9	0	-
;	9	0	-
'	9	0	-
,	9	0	-
.	9	0	-
/	9	0	-
Enter	9	1	0d
Tab	9	1	1b5b5a
Backspace	9	1	7f
Escape	9	1	1b
Space	9	1	-
ArrowUp	9	1	1b5b313b3241
ArrowDown	9	1	1b5b313b3242
ArrowLeft	9	1	1b5b313b3244
ArrowRight	9	1	1b5b313b3243
Home	9	1	1b5b313b3248
End	9	1	1b5b313b3246
Insert	9	1	1b5b323b327e
Delete	9	1	1b5b333b327e
PageUp	9	1	1b5b353b327e
PageDown	9	1	1b5b363b327e
F1	9	1	-
F2	9	1	-
F3	9	1	-
F4	9	1	-
F5	9	1	-
F6	9	1	-
F7	9	1	-
F8	9	1	-
F9	9	1	-
F10	9	1	-
F11	9	1	-
F12	9	1	-
a	9	1	-
b	9	1	-
c	9	1	-
d	9	1	-
e	9	1	-
f	9	1	-
g	9	1	-
h	9	1	-
i	9	1	-
j	9	1	-
k	9	1	-
l	9	1	-
m	9	1	-
n	9	1	-
o	9	1	-
p	9	1	-
q	9	1	-
r	9	1	-
s	9	1	-
t	9	1	-
u	9	1	-
v	9	1	-
w	9	1	-
x	9	1	-
y	9	1	-
z	9	1	-
0	9	1	-
1	9	1	-
2	9	1	-
3	9	1	-
4	9	1	-
5	9	1	-
6	9	1	-
7	9	1	-
8	9	1	-
9	9	1	-
`	9	1	-
-	9	1	-
=	9	1	-
[	9	1	-
]	9	1	-
\	9	1	-
;	9	1	-
'	9	1	-
,	9	1	-
.	9	1	-
/	9	1	-
Enter	10	0	0d
Tab	10	0	09
Backspace	10	0	7f
Escape	10	0	1b
Space	10	0	-
ArrowUp	10	0	1b5b313b3341
ArrowDown	10	0	1b5b313b3342
ArrowLeft	10	0	1b5b313b3344
ArrowRight	10	0	1b5b313b3343
Home	10	0	1b5b313b3348
End	10	0	1b5b313b3346
Insert	10	0	1b5b323b337e
Delete	10	0	1b5b333b337e
PageUp	10	0	1b5b353b337e
PageDown	10	0	1b5b363b337e
F1	10	0	-
F2	10	0	-
F3	10	0	-
F4	10	0	-
F5	10	0	-
F6	10	0	-
F7	10	0	-
F8	10	0	-
F9	10	0	-
F10	10	0	-
F11	10	0	-
F12	10	0	-
a	10	0	-
b	10	0	-
c	10	0	-
d	10	0	-
e	10	0	-
f	10	0	-
g	10	0	-
h	10	0	-
i	10	0	-
j	10	0	-
k	10	0	-
l	10	0	-
m	10	0	-
n	10	0	-
o	10	0	-
p	10	0	-
q	10	0	-
r	10	0	-
s	10	0	-
t	10	0	-
u	10	0	-
v	10	0	-
w	10	0	-
x	10	0	-
y	10	0	-
z	10	0	-
0	10	0	-
1	10	0	-
2	10	0	-
3	10	0	-
4	10	0	-
5	10	0	-
6	10	0	-
7	10	0	-
8	10	0	-
9	10	0	-
`	10	0	-
-	10	0	-
=	10	0	-
[	10	0	-
]	10	0	-
\	10	0	-
;	10	0	-
'	10	0	-
,	10	0	-
.	10	0	-
/	10	0	-
Enter	10	1	0d
Tab	10	1	09
Backspace	10	1	7f
Escape	10	1	1b
Space	10	1	-
ArrowUp	10	1	1b5b313b3341
ArrowDown	10	1	1b5b313b3342
ArrowLeft	10	1	1b5b313b3344
ArrowRight	10	1	1b5b313b3343
Home	10	1	1b5b313b3348
End	10	1	1b5b313b3346
Insert	10	1	1b5b323b337e
Delete	10	1	1b5b333b337e
PageUp	10	1	1b5b353b337e
PageDown	10	1	1b5b363b337e
F1	10	1	-
F2	10	1	-
F3	10	1	-
F4	10	1	-
F5	10	1	-
F6	10	1	-
F7	10	1	-
F8	10	1	-
F9	10	1	-
F10	10	1	-
F11	10	1	-
F12	10	1	-
a	10	1	-
b	10	1	-
c	10	1	-
d	10	1	-
e	10	1	-
f	10	1	-
g	10	1	-
h	10	1	-
i	10	1	-
j	10	1	-
k	10	1	-
l	10	1	-
m	10	1	-
n	10	1	-
o	10	1	-
p	10	1	-
q	10	1	-
r	10	1	-
s	10	1	-
t	10	1	-
u	10	1	-
v	10	1	-
w	10	1	-
x	10	1	-
y	10	1	-
z	10	1	-
0	10	1	-
1	10	1	-
2	10	1	-
3	10	1	-
4	10	1	-
5	10	1	-
6	10	1	-
7	10	1	-
8	10	1	-
9	10	1	-
`	10	1	-
-	10	1	-
=	10	1	-
[	10	1	-
]	10	1	-
\	10	1	-
;	10	1	-
'	10	1	-
,	10	1	-
.	10	1	-
/	10	1	-
Enter	11	0	0d
Tab	11	0	1b5b5a
Backspace	11	0	7f
Escape	11	0	1b
Space	11	0	-
ArrowUp	11	0	1b5b313b3441
ArrowDown	11	0	1b5b313b3442
ArrowLeft	11	0	1b5b313b3444
ArrowRight	11	0	1b5b313b3443
Home	11	0	1b5b313b3448
End	11	0	1b5b313b3446
Insert	11	0	1b5b323b347e
Delete	11	0	1b5b333b347e
PageUp	11	0	1b5b353b347e
PageDown	11	0	1b5b363b347e
F1	11	0	-
F2	11	0	-
F3	11	0	-
F4	11	0	-
F5	11	0	-
F6	11	0	-
F7	11	0	-
F8	11	0	-
F9	11	0	-
F10	11	0	-
F11	11	0	-
F12	11	0	-
a	11	0	-
b	11	0	-
c	11	0	-
d	11	0	-
e	11	0	-
f	11	0	-
g	11	0	-
h	11	0	-
i	11	0	-
j	11	0	-
k	11	0	-
l	11	0	-
m	11	0	-
n	11	0	-
o	11	0	-
p	11	0	-
q	11	0	-
r	11	0	-
s	11	0	-
t	11	0	-
u	11	0	-
v	11	0	-
w	11	0	-
x	11	0	-
y	11	0	-
z	11	0	-
0	11	0	-
1	11	0	-
2	11	0	-
3	11	0	-
4	11	0	-
5	11	0	-
6	11	0	-
7	11	0	-
8	11	0	-
9	11	0	-
`	11	0	-
-	11	0	-
=	11	0	-
[	11	0	-
]	11	0	-
\	11	0	-
;	11	0	-
'	11	0	-
,	11	0	-
.	11	0	-
/	11	0	-
Enter	11	1	0d
Tab	11	1	1b5b5a
Backspace	11	1	7f
Escape	11	1	1b
Space	11	1	-
ArrowUp	11	1	1b5b313b3441
ArrowDown	11	1	1b5b313b3442
ArrowLeft	11	1	1b5b313b3444
ArrowRight	11	1	1b5b313b3443
Home	11	1	1b5b313b3448
End	11	1	1b5b313b3446
Insert	11	1	1b5b323b347e
Delete	11	1	1b5b333b347e
PageUp	11	1	1b5b353b347e
PageDown	11	1	1b5b363b347e
F1	11	1	-
F2	11	1	-
F3	11	1	-
F4	11	1	-
F5	11	1	-
F6	11	1	-
F7	11	1	-
F8	11	1	-
F9	11	1	-
F10	11	1	-
F11	11	1	-
F12	11	1	-
a	11	1	-
b	11	1	-
c	11	1	-
d	11	1	-
e	11	1	-
f	11	1	-
g	11	1	-
h	11	1	-
i	11	1	-
j	11	1	-
k	11	1	-
l	11	1	-
m	11	1	-
n	11	1	-
o	11	1	-
p	11	1	-
q	11	1	-
r	11	1	-
s	11	1	-
t	11	1	-
u	11	1	-
v	11	1	-
w	11	1	-
x	11	1	-
y	11	1	-
z	11	1	-
0	11	1	-
1	11	1	-
2	11	1	-
3	11	1	-
4	11	1	-
5	11	1	-
6	11	1	-
7	11	1	-
8	11	1	-
9	11	1	-
`	11	1	-
-	11	1	-
=	11	1	-
[	11	1	-
]	11	1	-
\	11	1	-
;	11	1	-
'	11	1	-
,	11	1	-
.	11	1	-
/	11	1	-
Enter	12	0	0d
Tab	12	0	09
Backspace	12	0	7f
Escape	12	0	1b
Space	12	0	-
ArrowUp	12	0	1b5b313b3541
ArrowDown	12	0	1b5b313b3542
ArrowLeft	12	0	1b5b313b3544
ArrowRight	12	0	1b5b313b3543
Home	12	0	1b5b313b3548
End	12	0	1b5b313b3546
Insert	12	0	1b5b323b357e
Delete	12	0	1b5b333b357e
PageUp	12	0	1b5b353b357e
PageDown	12	0	1b5b363b357e
F1	12	0	-
F2	12	0	-
F3	12	0	-
F4	12	0	-
F5	12	0	-
F6	12	0	-
F7	12	0	-
F8	12	0	-
F9	12	0	-
F10	12	0	-
F11	12	0	-
F12	12	0	-
a	12	0	01
b	12	0	02
c	12	0	03
d	12	0	04
e	12	0	05
f	12	0	06
g	12	0	07
h	12	0	08
i	12	0	09
j	12	0	0a
k	12	0	0b
l	12	0	0c
m	12	0	0d
n	12	0	0e
o	12	0	0f
p	12	0	10
q	12	0	11
r	12	0	12
s	12	0	13
t	12	0	14
u	12	0	15
v	12	0	-
w	12	0	17
x	12	0	18
y	12	0	19
z	12	0	1a
0	12	0	-
1	12	0	-
2	12	0	-
3	12	0	-
4	12	0	-
5	12	0	-
6	12	0	-
7	12	0	-
8	12	0	-
9	12	0	-
`	12	0	-
-	12	0	-
=	12	0	-
[	12	0	1b
]	12	0	1d
\	12	0	1c
;	12	0	-
'	12	0	-
,	12	0	-
.	12	0	-
/	12	0	-
Enter	12	1	0d
Tab	12	1	09
Backspace	12	1	7f
Escape	12	1	1b
Space	12	1	-
ArrowUp	12	1	1b5b313b3541
ArrowDown	12	1	1b5b313b3542
ArrowLeft	12	1	1b5b313b3544
ArrowRight	12	1	1b5b313b3543
Home	12	1	1b5b313b3548
End	12	1	1b5b313b3546
Insert	12	1	1b5b323b357e
Delete	12	1	1b5b333b357e
PageUp	12	1	1b5b353b357e
PageDown	12	1	1b5b363b357e
F1	12	1	-
F2	12	1	-
F3	12	1	-
F4	12	1	-
F5	12	1	-
F6	12	1	-
F7	12	1	-
F8	12	1	-
F9	12	1	-
F10	12	1	-
F11	12	1	-
F12	12	1	-
a	12	1	01
b	12	1	02
c	12	1	03
d	12	1	04
e	12	1	05
f	12	1	06
g	12	1	07
h	12	1	08
i	12	1	09
j	12	1	0a
k	12	1	0b
l	12	1	0c
m	12	1	0d
n	12	1	0e
o	12	1	0f
p	12	1	10
q	12	1	11
r	12	1	12
s	12	1	13
t	12	1	14
u	12	1	15
v	12	1	-
w	12	1	17
x	12	1	18
y	12	1	19
z	12	1	1a
0	12	1	-
1	12	1	-
2	12	1	-
3	12	1	-
4	12	1	-
5	12	1	-
6	12	1	-
7	12	1	-
8	12	1	-
9	12	1	-
`	12	1	-
-	12	1	-
=	12	1	-
[	12	1	1b
]	12	1	1d
\	12	1	1c
;	12	1	-
'	12	1	-
,	12	1	-
.	12	1	-
/	12	1	-
Enter	13	0	0d
Tab	13	0	1b5b5a
Backspace	13	0	7f
Escape	13	0	1b
Space	13	0	-
ArrowUp	13	0	1b5b313b3641
ArrowDown	13	0	1b5b313b3642
ArrowLeft	13	0	1b5b313b3644
ArrowRight	13	0	1b5b313b3643
Home	13	0	1b5b313b3648
End	13	0	1b5b313b3646
Insert	13	0	1b5b323b367e
Delete	13	0	1b5b333b367e
PageUp	13	0	1b5b353b367e
PageDown	13	0	1b5b363b367e
F1	13	0	-
F2	13	0	-
F3	13	0	-
F4	13	0	-
F5	13	0	-
F6	13	0	-
F7	13	0	-
F8	13	0	-
F9	13	0	-
F10	13	0	-
F11	13	0	-
F12	13	0	-
a	13	0	01
b	13	0	02
c	13	0	03
d	13	0	04
e	13	0	05
f	13	0	06
g	13	0	07
h	13	0	08
i	13	0	09
j	13	0	0a
k	13	0	0b
l	13	0	0c
m	13	0	0d
n	13	0	0e
o	13	0	0f
p	13	0	10
q	13	0	11
r	13	0	12
s	13	0	13
t	13	0	14
u	13	0	15
v	13	0	-
w	13	0	17
x	13	0	18
y	13	0	19
z	13	0	1a
0	13	0	-
1	13	0	-
2	13	0	00
3	13	0	-
4	13	0	-
5	13	0	-
6	13	0	1e
7	13	0	-
8	13	0	-
9	13	0	-
`	13	0	-
-	13	0	1f
=	13	0	-
[	13	0	-
]	13	0	-
\	13	0	-
;	13	0	-
'	13	0	-
,	13	0	-
.	13	0	-
/	13	0	7f
Enter	13	1	0d
Tab	13	1	1b5b5a
Backspace	13	1	7f
Escape	13	1	1b
Space	13	1	-
ArrowUp	13	1	1b5b313b3641
ArrowDown	13	1	1b5b313b3642
ArrowLeft	13	1	1b5b313b3644
ArrowRight	13	1	1b5b313b3643
Home	13	1	1b5b313b3648
End	13	1	1b5b313b3646
Insert	13	1	1b5b323b367e
Delete	13	1	1b5b333b367e
PageUp	13	1	1b5b353b367e
PageDown	13	1	1b5b363b367e
F1	13	1	-
F2	13	1	-
F3	13	1	-
F4	13	1	-
F5	13	1	-
F6	13	1	-
F7	13	1	-
F8	13	1	-
F9	13	1	-
F10	13	1	-
F11	13	1	-
F12	13	1	-
a	13	1	01
b	13	1	02
c	13	1	03
d	13	1	04
e	13	1	05
f	13	1	06
g	13	1	07
h	13	1	08
i	13	1	09
j	13	1	0a
k	13	1	0b
l	13	1	0c
m	13	1	0d
n	13	1	0e
o	13	1	0f
p	13	1	10
q	13	1	11
r	13	1	12
s	13	1	13
t	13	1	14
u	13	1	15
v	13	1	-
w	13	1	17
x	13	1	18
y	13	1	19
z	13	1	1a
0	13	1	-
1	13	1	-
2	13	1	00
3	13	1	-
4	13	1	-
5	13	1	-
6	13	1	1e
7	13	1	-
8	13	1	-
9	13	1	-
`	13	1	-
-	13	1	1f
=	13	1	-
[	13	1	-
]	13	1	-
\	13	1	-
;	13	1	-
'	13	1	-
,	13	1	-
.	13	1	-
/	13	1	7f
Enter	14	0	0d
Tab	14	0	09
Backspace	14	0	7f
Escape	14	0	1b
Space	14	0	-
ArrowUp	14	0	1b5b313b3741
ArrowDown	14	0	1b5b313b3742
ArrowLeft	14	0	1b5b313b3744
ArrowRight	14	0	1b5b313b3743
Home	14	0	1b5b313b3748
End	14	0	1b5b313b3746
Insert	14	0	1b5b323b377e
Delete	14	0	1b5b333b377e
PageUp	14	0	1b5b353b377e
PageDown	14	0	1b5b363b377e
F1	14	0	-
F2	14	0	-
F3	14	0	-
F4	14	0	-
F5	14	0	-
F6	14	0	-
F7	14	0	-
F8	14	0	-
F9	14	0	-
F10	14	0	-
F11	14	0	-
F12	14	0	-
a	14	0	1b01
b	14	0	1b02
c	14	0	03
d	14	0	1b04
e	14	0	1b05
f	14	0	1b06
g	14	0	1b07
h	14	0	1b08
i	14	0	1b09
j	14	0	1b0a
k	14	0	1b0b
l	14	0	1b0c
m	14	0	1b0d
n	14	0	1b0e
o	14	0	1b0f
p	14	0	1b10
q	14	0	1b11
r	14	0	1b12
s	14	0	1b13
t	14	0	1b14
u	14	0	1b15
v	14	0	-
w	14	0	1b17
x	14	0	1b18
y	14	0	1b19
z	14	0	1b1a
0	14	0	-
1	14	0	-
2	14	0	-
3	14	0	-
4	14	0	-
5	14	0	-
6	14	0	-
7	14	0	-
8	14	0	-
9	14	0	-
`	14	0	-
-	14	0	-
=	14	0	-
[	14	0	1b1b
]	14	0	1b1d
\	14	0	1b1c
;	14	0	-
'	14	0	-
,	14	0	-
.	14	0	-
/	14	0	-
Enter	14	1	0d
Tab	14	1	09
Backspace	14	1	7f
Escape	14	1	1b
Space	14	1	-
ArrowUp	14	1	1b5b313b3741
ArrowDown	14	1	1b5b313b3742
ArrowLeft	14	1	1b5b313b3744
ArrowRight	14	1	1b5b313b3743
Home	14	1	1b5b313b3748
End	14	1	1b5b313b3746
Insert	14	1	1b5b323b377e
Delete	14	1	1b5b333b377e
PageUp	14	1	1b5b353b377e
PageDown	14	1	1b5b363b377e
F1	14	1	-
F2	14	1	-
F3	14	1	-
F4	14	1	-
F5	14	1	-
F6	14	1	-
F7	14	1	-
F8	14	1	-
F9	14	1	-
F10	14	1	-
F11	14	1	-
F12	14	1	-
a	14	1	1b01
b	14	1	1b02
c	14	1	03
d	14	1	1b04
e	14	1	1b05
f	14	1	1b06
g	14	1	1b07
h	14	1	1b08
i	14	1	1b09
j	14	1	1b0a
k	14	1	1b0b
l	14	1	1b0c
m	14	1	1b0d
n	14	1	1b0e
o	14	1	1b0f
p	14	1	1b10
q	14	1	1b11
r	14	1	1b12
s	14	1	1b13
t	14	1	1b14
u	14	1	1b15
v	14	1	-
w	14	1	1b17
x	14	1	1b18
y	14	1	1b19
z	14	1	1b1a
0	14	1	-
1	14	1	-
2	14	1	-
3	14	1	-
4	14	1	-
5	14	1	-
6	14	1	-
7	14	1	-
8	14	1	-
9	14	1	-
`	14	1	-
-	14	1	-
=	14	1	-
[	14	1	1b1b
]	14	1	1b1d
\	14	1	1b1c
;	14	1	-
'	14	1	-
,	14	1	-
.	14	1	-
/	14	1	-
Enter	15	0	0d
Tab	15	0	1b5b5a
Backspace	15	0	7f
Escape	15	0	1b
Space	15	0	-
ArrowUp	15	0	1b5b313b3841
ArrowDown	15	0	1b5b313b3842
ArrowLeft	15	0	1b5b313b3844
ArrowRight	15	0	1b5b313b3843
Home	15	0	1b5b313b3848
End	15	0	1b5b313b3846
Insert	15	0	1b5b323b387e
Delete	15	0	1b5b333b387e
PageUp	15	0	1b5b353b387e
PageDown	15	0	1b5b363b387e
F1	15	0	-
F2	15	0	-
F3	15	0	-
F4	15	0	-
F5	15	0	-
F6	15	0	-
F7	15	0	-
F8	15	0	-
F9	15	0	-
F10	15	0	-
F11	15	0	-
F12	15	0	-
a	15	0	1b01
b	15	0	1b02
c	15	0	03
d	15	0	1b04
e	15	0	1b05
f	15	0	1b06
g	15	0	1b07
h	15	0	1b08
i	15	0	1b09
j	15	0	1b0a
k	15	0	1b0b
l	15	0	1b0c
m	15	0	1b0d
n	15	0	1b0e
o	15	0	1b0f
p	15	0	1b10
q	15	0	1b11
r	15	0	1b12
s	15	0	1b13
t	15	0	1b14
u	15	0	1b15
v	15	0	-
w	15	0	1b17
x	15	0	1b18
y	15	0	1b19
z	15	0	1b1a
0	15	0	-
1	15	0	-
2	15	0	1b00
3	15	0	-
4	15	0	-
5	15	0	-
6	15	0	1b1e
7	15	0	-
8	15	0	-
9	15	0	-
`	15	0	-
-	15	0	1b1f
=	15	0	-
[	15	0	-
]	15	0	-
\	15	0	-
;	15	0	-
'	15	0	-
,	15	0	-
.	15	0	-
/	15	0	1b7f
Enter	15	1	0d
Tab	15	1	1b5b5a
Backspace	15	1	7f
Escape	15	1	1b
Space	15	1	-
ArrowUp	15	1	1b5b313b3841
ArrowDown	15	1	1b5b313b3842
ArrowLeft	15	1	1b5b313b3844
ArrowRight	15	1	1b5b313b3843
Home	15	1	1b5b313b3848
End	15	1	1b5b313b3846
Insert	15	1	1b5b323b387e
Delete	15	1	1b5b333b387e
PageUp	15	1	1b5b353b387e
PageDown	15	1	1b5b363b387e
F1	15	1	-
F2	15	1	-
F3	15	1	-
F4	15	1	-
F5	15	1	-
F6	15	1	-
F7	15	1	-
F8	15	1	-
F9	15	1	-
F10	15	1	-
F11	15	1	-
F12	15	1	-
a	15	1	1b01
b	15	1	1b02
c	15	1	03
d	15	1	1b04
e	15	1	1b05
f	15	1	1b06
g	15	1	1b07
h	15	1	1b08
i	15	1	1b09
j	15	1	1b0a
k	15	1	1b0b
l	15	1	1b0c
m	15	1	1b0d
n	15	1	1b0e
o	15	1	1b0f
p	15	1	1b10
q	15	1	1b11
r	15	1	1b12
s	15	1	1b13
t	15	1	1b14
u	15	1	1b15
v	15	1	-
w	15	1	1b17
x	15	1	1b18
y	15	1	1b19
z	15	1	1b1a
0	15	1	-
1	15	1	-
2	15	1	1b00
3	15	1	-
4	15	1	-
5	15	1	-
6	15	1	1b1e
7	15	1	-
8	15	1	-
9	15	1	-
`	15	1	-
-	15	1	1b1f
=	15	1	-
[	15	1	-
]	15	1	-
\	15	1	-
;	15	1	-
'	15	1	-
,	15	1	-
.	15	1	-
/	15	1	1b7f
