## The window thread's waits: the one registry (design note 2026-09-26; budget note R7).
##
## Six sections, each a header line then tab-separated lines. A line starting `##` is a comment.
## Some seven-cell `worker-door-body` effect rows therefore end in a tab; `.gitattributes`
## exempts this registry from blank-at-EOL diagnostics because the parser counts that empty cell.
##
## `# rows` — ARCHITECTURE §5.3, one line per numbered exception. `status` is `done` (repaid:
## what remains on the window thread is its residue, still listed), `open` (to be moved),
## `ruled to stay`, or `pending` (found and recorded, not ruled). The §5.3 table is generated from
## this section by `scripts/dev/generate-window-waits-table.ps1`; edit here, never there.
##
## `# doors` — one line per `bt_platform::admission::doors` type, in its order: the §5.3 row it
## serves, the `hang_watch::Station` its meter enters, the phases it is admitted in, the call it
## admits, where the admission is minted, and what one admission measures. Held equal to the
## types by `hang_watch::window_waits_tests`. Every door takes its token, minted where the line says (A1d).
##
## `# vocabulary` — the effects that wait (or are counted beside the waits), with the targets
## they exist on (`all`, `windows`, `macos`; every entry names at least one). A2 compares it with
## the lint's list. It lists library paths and cross-crate entrances a caller outside the crate can
## name: a private function is not an entry, and its raw effects are sites of their own
## (thread-door note, revision (j)11.2).
##
## `# entrances` — the cross-crate entrances that left the vocabulary because their signature is
## the door (revision (j)5): each takes, on every `cfg` arm it is written on, a parameter whose
## type is exactly `WaitToken<'_, doors::<door>>` for the door named here — never an `Option` of
## one — so no call of it compiles without an admission. The guard checks each, per arm, and
## refuses one that is also in `# vocabulary`.
##
## `# effects` — one line per **effect function**: the function whose own body holds a listed effect,
## keyed by crate, `cfg` arm and item, with its entries and their counts, its kind (`owner-door-body`,
## `worker-door-body`, `transport`, `drop-exception`, `interim-owner`), its authority (`WaitToken`,
## `WorkerCtx`, `none (transport)`, `drop`) and the door it serves (revision (j)7). A2e puts one
## `expect` on each. Today it holds exactly the effect functions already inside a registered door;
## revision (k) allocates the rest. Held equal to the bodies by
## `hang_watch::window_waits_tests::the_effects_section_is_the_effect_functions_inside_the_doors`.
## A `worker-door-body` row (revision (j)13, brought forward by U-28) is a worker's door: its function takes
## a `WorkerCtx`, and its door column is empty, because the admission identities are the window thread's.
## `# doors` (admission identities) and `# owners` (FFI constructs) stay separate lists: neither is a
## list of `expect` holders, and no `# owners` module is exempt from the bare-site inventory.
##
## A `worker-door-body` row's last field (door) is empty, and the row still ends in its tab: every
## line of a section has exactly its header's seven cells. `.gitattributes` exempts this file from
## `git diff --check`'s blank-at-eol rule for that reason alone.
##
## `# owners` — where the constructs a lint cannot see through may be written (budget note §C-3):
## `msg_send!`/`msg_send_id!`, a raw `vtable(` call, `GetProcAddress`, an `extern` block, `#[link]`
## and `#[macro_export]`, each by owner — the product item it is written in, or the module when it
## is written in none (inside `define_class!`) — with its count. A construct or owner not listed
## here is refused, and so is a listed one that is gone; counts taken from the code (A1e).
## Windows's undocumented `MessageBoxTimeoutW` has no `windows` 0.62.2 binding, so
## `windows_impl::message_box` owns its one narrow declaration and link attribute.

# rows
row	status	call	where	disposition
1	done	`ShellExecuteW` / `NSWorkspace::openURL:` — synchronous, no timeout; the measured ~1.4 s Ctrl+click stall	`bt-platform::handoff::{windows_handoff,macos_handoff}::hand_over`, reached from `Runtime::open_local_path`, `reveal_in_explorer`, `open_local_path_verified`, `reveal_verified`, `open_preview_link`, `hand_url_to_the_browser`, `activate_local_image_path`, `open_font_settings`	**done** — *a hand-off to the system runs on its own lane, and the window that receives it may take the front* (`DESIGN.md`, 2026-09-22)
2	open	the marks lock: a wait with no deadline behind our own writer, then `try_lock` and `sleep` up to `OUR_TURN` = 2 s for a holder in another process (`DESIGN.md`, 2026-09-23), then a dated `$PROFILE` copy, an atomic write and two marks writes	`Runtime::add_to_profile`, `spend_powershell_intent` → `profile_runtime::install_recorded`; the agent hook installs (`Runtime::apply_claude_hooks`, `apply_codex_notify`, `apply_copilot_hooks`) → `attention_ownership::record`; `psreadline::install_recorded`, from `Runtime::apply_psreadline`, `Runtime::create`'s `psreadline::upgrade_recorded` and `App::release_trial_writes` (the thread-door note, revision (k)9 item 1)	**0.4.4** — storage lane; the enable and removal halves are already on workers, the install half is not
3	open	`psreadline::apply_recorded` — nine files, ~429 KB, under the same lock	`Runtime::apply_psreadline`	**0.4.4** — storage lane; named by the 2026-09-21 history entry
4	open	`psreadline::installed_copy` — a recursive walk of the module directory	`Runtime::refresh_psreadline_installed`	**0.4.4** — observation lane
5	done	`bt_platform::monospace_font_families()` — the machine's whole font collection, enumerated inline; the traced cause of the frozen gear	`settings::monospace_family_files` ← `apply_stored_terminal_font`	**done** — *the font list is walked only on its lane, by a numbered request; the face in settings.json is found by its name* (`DESIGN.md`, 2026-09-24); what is left on the window thread is `bt_platform::monospace_family_named`, one family asked of the system collection (station `font family lookup`), measured at 2.6–3.4 ms cold against the walk's 71–80 ms on the development machine
6	done	`search::scan_history` / `scan_volatile` — the pattern re-run over every frozen line on every keystroke in the find box	`Runtime::refresh_search`, from the keystroke roads (`search_field_key`, `toggle_search_flag`, `search_ime`, `open_search`) and from `publish_frame_inner`	**done** — *a changed search scans one slice of history on the keystroke's frame and the rest on the following turns* (`DESIGN.md`, 2026-09-24; ticket 51). Not the observation lane: the frozen plane is the session's and mutable, so a worker needs a copy per question or an ownership change in `bt-transcript`; the bounded walk stays on this thread, one `search::SEARCH_HISTORY_SLICE` per keystroke and per turn (`Runtime::advance_search_scan`)
7	open	macOS `defaults read -g AppleLocale` and `locale -a`, blocking, no timeout, on the pane-birth road	`bt_platform::read_system_locale_declaration`	**0.4.4** — observation lane
8	open	`bt-platform::macos_watch::DirWatch::start_scoped` and, on Windows, `windows_impl::DirWatch::start_scoped` wait on `listening.recv()` with no deadline and join the watcher on their refusal arm; each `Drop` does `SetEvent` then an unbounded `join()`	the watch subscriptions: `DirNews::arm` (the scheme and storage watches, from `Runtime::create`; the scheme watch again from `Runtime::add_scheme`), and the `subscribe` roads of `files_watch`, `git_watch` and `preview_watch` (from `Runtime::advance_files_watch`, `advance_git_watch`, `advance_preview_watch` and `ask_the_unwatched_preview_files`; `git_watch`'s also from `FolioApp::publish_window_directory`, whose walk releases a closed window's seat and the subscriptions only it wanted); both platforms by the thread-door note's revision (l)	**0.4.4** — make watcher start and retirement asynchronous
9	open	surface acquire, queue submit, swapchain present, surface configure, DirectComposition size and commit	`Runtime::present_seats_and_commit`	**0.5** — presentation lane; the present mode itself comes from `get_default_config` and has no owner
10	open	device recovery's `pollster::block_on(rebuild_after_device_loss)` plus deliberate 150 ms and 450 ms sleeps across three attempts	`FolioApp::recovered_from_a_lost_device`	**0.5** — an explicit asynchronous state machine
11	open	joining the `bt-pty-birth` worker, which owns `CreatePseudoConsole` + `CreateProcessW`, the working-directory `stat`, and the fresh-logon environment read	`create_leaf_session` → `pty_door::spawn_shell`	**0.5→0.6** — process birth is off the window thread; the admitted synchronous join remains until the session lane preserves input and resize ordering
12	open	the synchronous `ResizePseudoConsole` round trip	`Runtime::flush_pending_pty_resize`	**0.5→0.6** — session lane; moving it must preserve the ordering this function represents
13	done	`sample_window_place` — 4 to 8 syscalls, at three call sites for one instant	`drain_pty`, `advance_strip_animation`, `FolioApp::user_event`	**done** — *where the window is gets asked once per turn, at the turn's head; the drain and the strip tick read that answer* (`DESIGN.md`, 2026-09-24); one writer, `Runtime::observe_window_place`, also called at a window's birth and by an attention delivery between turns; each probe has its own station
14	done	`Window::set_title` at five call sites with no throttle	`drain_pty`, `activate_tab`, `dress_new_window`, `finish_synchronized_update_if_due`, `finish_rename`	**done** — *the window's title is one wanted value, written to the system only when it changes and at most once a frame* (`DESIGN.md`, 2026-09-24); the one remaining call is `Runtime::flush_title`, on this thread by §5.2
15	ruled to stay	`bt_pty::wait_for_retirements` — a bounded `Condvar::wait_timeout` on the way out	`FolioApp::settle_quit`, `QuitStep::Retire`	**ruled to stay** (`T-QUIT-HAS-A-DEADLINE`, `T-QUIT-TIMEOUT-PROCEEDS`)
16	ruled to stay	`SessionWriter::wait_for` — `recv_timeout(SESSION_SAVE_BUDGET)` on the synchronous save	the quit write	**ruled to stay** — a timeout sets `stalled` and quit proceeds; a disconnect stops quit
16b	pending	`SessionWriter::close` — a bounded poll for the session writer's end, then its join	`SessionStore::close` ← `App::finish`, on the way out	**pending** — found beside row 16 by the thread-door note's revision (c)3 (`docs/plans/design/thread-door-2026-09-26.md`), recorded and not ruled (`DESIGN.md`, 2026-09-26, *every thread that runs Folio's code has a role, the window thread has a phase, and each owner-thread wait is a door the registry lists*); bounded by the writer's own budget, past which the writer is left to process exit; its door is `SessionWriterRetire`
17	ruled to stay	`trace_sink::flush` — `recv_timeout(FLUSH_TIMEOUT)`	the way out of `fn main`	**ruled to stay** (`T-TRACE-OFF-THREAD`)
18	ruled to stay	`launch_wire::hand_over`, bounded by `HANDOVER_BUDGET`	`fn main`, before the loop exists	**ruled to stay** — there is no loop yet to be blocked
19	ruled to stay	`OutputRing::try_pop`, `InputRing::try_push` — both bounded to one lock, never split, never partly taken	`drain_leaf_pty`, `offer_pty_input`	**ruled to stay** — this is the design
20	open	`fs::rename`, the preserving atomic preview save, settings/keybindings/profiles writes, diagnostic file writes	`rename_preview_file`, `rename_files_row`, `save_preview_on`, `persist.rs`'s store methods	**0.4.4** — storage lane, with document-revision preconditions and receipts rather than a generic "background job finished" toast
21	open	a web page coming up: `CreateCoreWebView2CompositionController` on the first page of the process (88–269 ms synchronous, ~4,500 page faults: the engine's in-process half loading), then one engine dispatch of 70–303 ms on the message pump before the controller's callback; later pages ~3 ms and ~50 ms. `CreateCoreWebView2EnvironmentWithOptions` 10–38 ms on the first page, the install burst 2–6 ms. Measured headless on the development machine (ticket 43); the owner's next89 run held 4,099 ms	`WebSeat::step` → `WebHost::request_controller` (station `request_controller`), and the pump after it (station `message pump`); `WebSeat::start_environment` (station `request_environment`)	**open — narrowed by ticket 54**: the environment is asked for once on an idle turn after startup (`Runtime::warm_web_engine`, station `warm_web_engine`), which takes its 8.5–39 ms out of the first page's gesture; the environment starts no runtime process (measured), so the controller and the pump dispatch are still the first page's, and a new ruling is owed for them (D-64). **Narrowed again by ticket 60 (ruled 2026-09-25, option A):** for a profile that has opened a page (`web_pages_used`), the controller call (≤ 590 ms worst on the clean VM) moves to a quiet idle turn under `make_spare_web_controller`, and the first eligible page's window-thread cost is the rehost walk (`adopt_spare_web_controller`, 11–73 ms on the VM) and a navigate — 2318 → 146 ms median to the first page in spike 59. Still the first page's: a profile's first-ever page, a page that arrives before the spare has landed, and every page after the spare is used (~0.6 s warm, ~2.3 s cold); open for 0.4.6. Not movable to a lane: WebView2 refuses an environment used from any thread but the one that created it (`0x802A000C`, measured), so the environment, the controller and the engine's callbacks all belong to the window thread with the controller (§5.2); the pump after the first page is named per message since ticket 64
22	done	`Window::set_ime_cursor_area` — `ImmSetCompositionWindow` + `ImmSetCandidateWindow`, answered by the input method; the owner's next93 caught 15 + 85 ms in one turn and a single call of 3,138 ms under load	`Runtime::apply_ime_cursor_area`, reached before ticket 63 from every offer: `publish_frame_inner`, `repaint_preview`, `reoffer_ime_cursor_area`, the turn's offer	**done** — *the input method's caret area is one wanted value, told to the system at most once a turn and only when it moved* (`DESIGN.md`, 2026-09-25); the one road is `Runtime::flush_ime_cursor_area`, from the turn's tail and from `Ime::Enabled`, on this thread by §5.2. A single slow answer still holds the thread; the repetition is gone
23	pending	`pollster::block_on(GpuContext::open(…))` — the first window's adapter, device and surface, asked for and waited on	`Runtime::create` ← `FolioApp::resumed`	**pending** — found by the thread-door note's revision (e)2 and recorded, not ruled (`DESIGN.md`, 2026-09-26, *every thread that runs Folio's code has a role, the window thread has a phase, and each owner-thread wait is a door the registry lists*); it stays on this thread (coordinator, 2026-09-26), its door is `GpuOpen`, and it moves when device recovery rebuilds on a worker (B9, D-42) — D-77 holds it until then
24	open	the data directory's endpoints start: on Windows each of `AttentionPipe::start` and `LaunchPipe::start` waits `recv_timeout(5 s)` for its listener's first word and, on a refusal or a timeout, joins the listener; on Unix each binds its socket synchronously	`Runtime::create` → `open_the_data_directorys_endpoints` → `attention_wire::open`, `launch_wire::open`	**open** — found by the thread-door note's revision (k)9 and ruled interim (`DESIGN.md`, 2026-09-27, *five window-thread waits the thread-door survey found are registry rows 24–28*): retained on the window thread, bounded by 5 s per endpoint for the first word plus a join of a listener already told to stop, so the total is not proven; repaid by B11 (version: owner); its door will be `EndpointStart`
25	open	a video seat's engine shut down outside a `Drop`: `video::engine::Engine::shutdown` (Windows) or `macos_player::Engine::shutdown` (macOS) — a 2 ms poll of the engine's stopped flag up to `SHUTDOWN_BUDGET` (2 s), then the join	`VideoSeats::{close, open, put}` from `Runtime::sweep_video_seats`, `stop_video_on`, `hide_file_peek`, `play_video_file_on`, `promote_file_peek`, `carry_the_recordings_of_moved_panes`	**open** — found by the thread-door note's revision (k)9 and ruled interim (`DESIGN.md`, 2026-09-27, *five window-thread waits the thread-door survey found are registry rows 24–28*): retained on the window thread, bounded by 2 s per engine plus the join of a thread that has said it stopped (not proven; a sweep of N seats is N × 2 s); repaid by D-80's ticket, which inherits this direct-close cost as scope added to D-80's recorded one (a shutdown through an explicit door instead of a `Drop`), amended by the thread-door note's revision (m) (`DESIGN.md`, 2026-09-27, *the thread-door note's revision (m)*); removing the destructor chain alone does not repay this row (version: 0.4.7, the ledger's; the owner may move it); its door will be `VideoShutdown`
26	open	the Windows clipboard's open: `retry_open_clipboard` sleeps 5, 10, 20 and 40 ms between five `OpenClipboard` attempts	`windows_impl::{clipboard_text, set_clipboard_text}` and `WindowsClipboard::begin`, from the copy and paste gestures	**open** — found by the thread-door note's revision (k)9 and ruled interim (`DESIGN.md`, 2026-09-27, *five window-thread waits the thread-door survey found are registry rows 24–28*): retained on the window thread, bounded by 75 ms of sleeps and five opens that do not wait; disposition made definite by the coordinator's ruling in the thread-door note's revision (m) (`DESIGN.md`, 2026-09-27, *the thread-door note's revision (m)*): an interim stay, repaid by the clipboard ticket B13 (version: 0.4.7); its door will be `ClipboardOpen`
27	open	the media session's quiet at exit: `Readers::quiet_within(MEDIA_QUIET_BUDGET)`, a `Condvar::wait_timeout` against one deadline, for first-frame readers still inside Media Foundation, before `MFShutdown`	`fn main` → `video::shutdown_media_session`, after the loop returns	**open** — found by the thread-door note's revision (k)9 and ruled interim (`DESIGN.md`, 2026-09-27, *five window-thread waits the thread-door survey found are registry rows 24–28*): retained on the window thread, with a configured wait deadline of 1.5 s (`MEDIA_QUIET_BUDGET`; the mutex taken first, the condition variable's reacquisition and scheduling can pass it, so it is not an elapsed-time guarantee, and the `MFShutdown` after it has no deadline); repaid by D-80's ticket as scope added to D-80's recorded one (reader quiescence and `MFShutdown`, amended by the thread-door note's revision (m), `DESIGN.md`, 2026-09-27, *the thread-door note's revision (m)*), unless the owner rules it stays as rows 15–17 do (version: owner); its door will be `MediaQuiet`, admitting the reader quiescence only
28	open	an update's trial takes the data directory's claim: `update_trial::take_the_claim_within` tries every 100 ms until the old build lets go	`fn main`, before `LaunchHandOver` (trials only)	**open** — found by the thread-door note's revision (k)9 and ruled interim (`DESIGN.md`, 2026-09-27, *five window-thread waits the thread-door survey found are registry rows 24–28*): retained on the window thread before the loop, bounded by `CLAIM_WAIT` (30 s) plus one last try; repaid by B11's startup claim ownership, unless the owner rules it stays as row 18 does (version: owner); its door will be `TrialClaim`
29	ruled to stay	an update's exit guard at the process's end: `update_handoff::leave_armed` runs the guard on a worker of its own and waits `recv_timeout(LEAVE_WITHIN)` (75 s) for its answer — the wait for the applier's decision, the election, the start, its acknowledgement, the fallback	`fn main`, after the loop (only after *Restart to update*)	**ruled to stay** (`DESIGN.md`, 2026-09-28, *every road process of an update leaves through one exit guard*): the loop has returned and every window is gone; the process must not end before the start that replaces it is delivered, and the wait is bounded; during it no window of this process exists, so the person sees Folio gone until the applier's trial or the replacement appears, and the message box appears when nothing was delivered: at the latest at the bound, earlier when every start has already failed. The box itself is shown on this thread after the wait (`bt_platform::standalone_alert`, U-32) and is synchronous: the process returns when it is answered or at the latest after `STANDALONE_ALERT_WITHIN` (15 min), when macOS takes its system alert away or Windows's ownerless `MessageBoxTimeoutW` returns

# doors
door	row	station	phases	call	minted at	measures
FontFamilyLookup	5	FontLookup	Running	`bt_platform::monospace_family_named`	`settings::monospace_family_files`	one call
PresentFrame	9	RenderCompose	Running, Exiting	`WindowRenderer::present_frame_with_phases`	`Runtime::present_seats_and_commit`	one window's present
CompositorCommit	9	CompositorCommit	Running, Exiting	`bt_platform::Compositor::commit`	`Runtime::present_seats_and_commit`; `WebSeat::stand_parked`, `WebSeat::adopt`; `SpareSeat::advance`, `SpareSeat::retire`	one call
CompositorBirth	9	CompositorBirth	Running	`bt_platform::Compositor::new`, `bt_platform::spare_parent`	`Runtime::create`, `Runtime::open_window`, `Runtime::make_spare_web_controller`	the tree and its commit
CompositorWindowSize	9	CompositorWindowSize	Running, Exiting	`bt_platform::Compositor::set_window_size`	`Runtime::resize`	the ground and its commit
SurfaceBirth	9	SurfaceConfigure	Running	`WindowRenderer::new`	`Runtime::open_window`	the surface and its configure
PtyBirth	11	PtyBirth	Running, Exiting	`pty_door::spawn_shell` (join of `bt-pty-birth`)	`create_leaf_session`	one call
PtyResize	12	PtyResize	Running, Exiting	`pty_door::resize` (`PtySession::resize`)	`commit_leaf_resize`	one call per leaf
PlaceHidden	13	PlaceHidden	Running, Exiting	`window_is_hidden`	`sample_window_place`	one call
PlaceExposure	13	PlaceExposure	Running, Exiting	`window_is_exposed`	`sample_window_place`	one call
TitleFlush	14	WindowTitle	Running, Exiting	`owner_door::set_title`	`Runtime::flush_title`	one call
PaneRetirementWait	15	PaneRetirementWait	Exiting	`pty_door::wait_for_retirements` (`bt_pty::wait_for_retirements`)	`FolioApp::settle_quit`, `Retire`	one call
SessionWriteWait	16	SessionWriteWait	Exiting	`SessionWriter::wait_for`	`SessionStore::wait_for_landing`	one call
SessionWriterRetire	16b	SessionWriterRetire	Exiting	`SessionWriter::close`	`SessionStore::close`	one call
TraceFlush	17	TraceFlush	Exiting	`trace_sink::flush`	`fn main`; `trace_sink::Shutdown::drop`	one call
UpdateLeave	29	UpdateLeave	Exiting	`update_handoff::leave_armed`	`fn main`	one call
LaunchHandOver	18	Starting	Starting	`launch_wire::hand_over`	`fn main`	one call
WebController	21	WebController	Running, Exiting	`WebHost::request_controller`	`WebSeat::step`	one call
WebEnvironment	21	WebEnvironment	Running	`WebHost::request_environment`	`WebSeat::start_environment`	one call
WebRehost	21	WebRehost	Running	`WebHost::rehost`	`WebSeat::rehost`	the steps and their commits
ImeCaretArea	22	ImeCursorArea	Running, Exiting	`owner_door::set_ime_cursor_area`	`Runtime::apply_ime_cursor_area`	one call
GpuOpen	23	GpuOpen	Running	`gpu_door::open_first_window` (`pollster::block_on(GpuContext::open)`)	`Runtime::create`	one call
FocusWindow	§5.2	WindowFocus	Running	`owner_door::focus_window`	`Runtime::open_from_notification`	one call
SetVisible	§5.2	WindowVisible	Running, Exiting	`owner_door::set_visible`	`Runtime::put_the_window_on_the_glass`, `Runtime::hide_quake_window`, `Runtime::let_go_of_this_window`	one call
SetCursor	§5.2	WindowCursor	Running	`owner_door::set_cursor`	`Runtime::apply_pointer_cursor`	one call

# vocabulary
path	targets	reason
std::thread::sleep	all	waits for a duration
std::thread::JoinHandle::join	all	waits for a thread to end
std::sync::mpsc::Receiver::recv	all	waits for a message
std::sync::mpsc::Receiver::recv_timeout	all	waits for a message, bounded
std::sync::Condvar::wait	all	waits for a notification
std::sync::Condvar::wait_timeout	all	waits for a notification, bounded
std::fs::rename	all	the file system
std::fs::write	all	the file system
std::fs::copy	all	the file system
std::fs::canonicalize	all	the file system
std::fs::metadata	all	the file system
std::fs::read_dir	all	the file system
std::fs::create_dir_all	all	the file system
std::fs::File::create	all	the file system
std::fs::File::sync_data	all	the disk
std::fs::File::sync_all	all	the disk
std::io::Write::write_fmt	all	a write to a file (`writeln!`)
std::process::Command::output	all	waits for a child process
std::process::Command::status	all	waits for a child process
std::process::Child::wait	all	waits for a child process
portable_pty::Child::try_wait	all	counted by call site, does not wait
pollster::block_on	all	an executor entry: waits for a future
wgpu::Queue::submit	all	the GPU driver
wgpu::Queue::present	all	the GPU driver and the compositor
bt_render::GpuContext::open	all	a cross-crate entrance that waits inside
bt_pty::PtySession::spawn_shell_in	all	a cross-crate entrance that waits inside
bt_pty::PtySession::spawn_refreshed	all	a cross-crate entrance that waits inside after composing the fresh Windows block
bt_pty::PtySession::resize	all	a cross-crate entrance that waits inside
bt_pty::wait_for_retirements	all	a cross-crate entrance that waits inside
bt_platform::keyboard_layout_shift_table	windows	the worker-only keyboard-layout-table door: one registry read and one System32 DLL load, copied and freed before return
windows::Win32::UI::Shell::ShellExecuteW	windows	waits for the shell
windows::Win32::UI::Shell::ShellExecuteExW	windows	waits for the shell and its UAC surface
windows::Win32::System::Threading::SetEvent	windows	counted by call site, does not wait
windows::Win32::Foundation::CloseHandle	windows	counted by call site, does not wait
libc::write	macos	counted by call site, does not wait
libc::close	macos	counted by call site, does not wait

# entrances
path	door
bt_render::WindowRenderer::present_frame_with_phases	PresentFrame
bt_render::WindowRenderer::new	SurfaceBirth
bt_platform::monospace_family_named	FontFamilyLookup
bt_platform::Compositor::new	CompositorBirth
bt_platform::Compositor::commit	CompositorCommit
bt_platform::Compositor::set_window_size	CompositorWindowSize
bt_platform::WebHost::request_controller	WebController
bt_platform::WebHost::request_environment	WebEnvironment
bt_platform::WebHost::rehost	WebRehost

# effects
crate	arm	item	effects	kind	authority	door
bt-app	-	crate::explorer_menu::cleanup_waited_on	std::sync::mpsc::Receiver::recv_timeout 1	worker-door-body	WorkerCtx	
bt-app	-	crate::foreground_program::run	std::sync::mpsc::Receiver::recv 1	worker-door-body	WorkerCtx	
bt-app	-	crate::handoff_lane::run_handoff_lane	std::sync::mpsc::Receiver::recv 1	worker-door-body	WorkerCtx	
bt-app	-	crate::gpu_door::open_first_window	bt_render::GpuContext::open 1, pollster::block_on 1	owner-door-body	WaitToken	GpuOpen
bt-app	-	crate::layout_tables::build_on_system	bt_platform::keyboard_layout_shift_table 1	worker-door-body	WorkerCtx	
bt-app	-	crate::layout_tables::WorkerRoad::run	std::sync::mpsc::Receiver::recv 1	worker-door-body	WorkerCtx	
bt-app	-	crate::read_video_glance	std::fs::metadata 1	worker-door-body	WorkerCtx	
bt-app	-	crate::run_decoration_worker	std::sync::mpsc::Receiver::recv 1	worker-door-body	WorkerCtx	
bt-app	-	crate::persist::SessionWriter::close	std::thread::JoinHandle::join 1, std::thread::sleep 1	owner-door-body	WaitToken	SessionWriterRetire
bt-app	-	crate::persist::SessionWriter::wait_for	std::sync::mpsc::Receiver::recv_timeout 1	owner-door-body	WaitToken	SessionWriteWait
bt-app	-	crate::pty_door::resize	bt_pty::PtySession::resize 1	owner-door-body	WaitToken	PtyResize
bt-app	-	crate::pty_door::spawn_shell	std::thread::JoinHandle::join 1, bt_pty::PtySession::spawn_shell_in 1, bt_pty::PtySession::spawn_refreshed 1	owner-door-body	WaitToken	PtyBirth
bt-app	-	crate::pty_door::wait_for_retirements	bt_pty::wait_for_retirements 1	owner-door-body	WaitToken	PaneRetirementWait
bt-app	-	crate::uninstall::names_in	std::fs::read_dir 1	worker-door-body	WorkerCtx	
bt-app	-	crate::uninstall::tree_items	std::fs::read_dir 1	worker-door-body	WorkerCtx	
bt-app	-	crate::update_handoff::leave_armed	std::sync::mpsc::Receiver::recv_timeout 1	owner-door-body	WaitToken	UpdateLeave
bt-platform	-	crate::deferred_removal::copy_new	std::fs::File::sync_all 1	worker-door-body	WorkerCtx	
bt-platform	-	crate::deferred_removal::failure_without_plan	std::io::Write::write_fmt 1	worker-door-body	WorkerCtx	
bt-platform	-	crate::deferred_removal::finish_with	std::fs::write 2	worker-door-body	WorkerCtx	
bt-platform	-	crate::deferred_removal::removal_from_environment	std::fs::canonicalize 2	worker-door-body	WorkerCtx	
bt-platform	-	crate::deferred_removal::run_from_environment	std::io::Write::write_fmt 1	worker-door-body	WorkerCtx	
bt-platform	-	crate::deferred_removal::schedule	std::fs::create_dir_all 1, std::sync::mpsc::Receiver::recv_timeout 1	worker-door-body	WorkerCtx	
bt-platform	[windows]	crate::elevated_pipe::shell_execute_runas	windows::Win32::UI::Shell::ShellExecuteExW 1	worker-door-body	WorkerCtx	
bt-platform	-	crate::deferred_removal::stop_child	std::process::Child::wait 1	worker-door-body	WorkerCtx	
bt-platform	-	crate::wait::sleep_within	std::thread::sleep 1	worker-door-body	WorkerCtx	
bt-platform	[unix]	crate::instance::sweep_stale_claims_in	std::fs::read_dir 1	worker-door-body	WorkerCtx	
bt-platform	[target_os = "macos"]	crate::webview::macos::WebHost::request_environment	std::fs::create_dir_all 1	owner-door-body	WaitToken	WebEnvironment

# owners
construct	owner	count
#[link]	bt-platform crate::hotkey::macos_hotkey	1
#[link]	bt-platform crate::macos_app	1
#[link]	bt-platform crate::macos_dialogs	1
#[link]	bt-platform crate::macos_impl	1
#[link]	bt-platform crate::macos_watch	1
#[link]	bt-platform crate::windows_impl::message_box	1
extern block	bt-platform crate::hotkey::macos_hotkey	1
extern block	bt-platform crate::launch_pipe::peer_executable	1
extern block	bt-platform crate::foreground_program::imp	1
extern block	bt-platform crate::macos_app	1
extern block	bt-platform crate::macos_dialogs	1
extern block	bt-platform crate::macos_impl	1
extern block	bt-platform crate::macos_watch	1
extern block	bt-platform crate::windows_impl::message_box	1
msg_send!	bt-platform crate::http::DownloadTransport::new	1
msg_send!	bt-platform crate::http::Transport::new	1
msg_send!	bt-platform crate::macos_app::delegate_answers_the_dock_menu	1
msg_send!	bt-platform crate::macos_app::delegate_answers_the_edit_menus_clipboard_rows	1
msg_send!	bt-platform crate::macos_app::delegate_answers_the_four_selectors	1
msg_send!	bt-platform crate::macos_compose	1
msg_send!	bt-platform crate::macos_compose::Compositor::make_slot	1
msg_send!	bt-platform crate::macos_dialogs::DeferredFormulaMenu::new	1
msg_send!	bt-platform crate::macos_impl::SystemSettingsObserver::new	1
msg_send!	bt-platform crate::macos_impl::WindowButtonsObserver::new	1
msg_send!	bt-platform crate::macos_impl::folios_surface_view	1
msg_send!	bt-platform crate::macos_menu::MenuTarget::new	1
msg_send!	bt-platform crate::macos_notify::NotificationDelegate::new	1
msg_send!	bt-platform crate::macos_services::ServicesProvider::new	1
msg_send!	bt-platform crate::macos_services::services_provider_answers_open_in_folio	1
msg_send!	bt-platform crate::video::macos_player::EndWatch::watching	1
msg_send!	bt-platform crate::video::macos_player::alloc_off_the_window_thread	1
msg_send!	bt-platform crate::webview::macos::Gate::new	1
msg_send!	bt-platform crate::webview::macos::ask	1
GetProcAddress	bt-platform crate::windows_impl::shift_table_of_layout	2
vtable(	bt-platform crate::video::engine::Machinery::take_frame	1
