# Pointer-reader census at main 5c4a08b0 (T-POINTER-CAPTURE design note, revision (c), section 1.0).
# Columns: file, line of the fn, fn, classes. P reads pointer_position/pointer_last_seen; E takes or holds a PhysicalPosition<f64>;
# B names MouseButton/ElementState/MouseScrollDelta; H a hit test by name and signature; C takes coordinates and is reachable
# by name from a P/B/H function; R calls a P/E/B/H function by a long name (one level) and is none of the others.
# Generated by the programs and the final command in the note's Appendix A; #[cfg(test)] items excluded.
file	line	fn	classes
crates/bt-app/src/cardhint.rs	404	place	C
crates/bt-app/src/clipboard_picture.rs	147	stamp	C
crates/bt-app/src/cmdrail.rs	1308	nearest	C
crates/bt-app/src/cmdrail.rs	1552	paint	C
crates/bt-app/src/file_peek.rs	275	over_foot	C
crates/bt-app/src/file_peek.rs	331	contains	H
crates/bt-app/src/file_peek.rs	431	life	C
crates/bt-app/src/file_peek.rs	485	press_at	H
crates/bt-app/src/file_peek.rs	1036	peek_page_rect	C
crates/bt-app/src/file_peek.rs	1184	layout	C
crates/bt-app/src/file_peek.rs	1352	build	C
crates/bt-app/src/file_peek.rs	1738	body_at	H
crates/bt-app/src/first_run.rs	1330	hit	H
crates/bt-app/src/first_run.rs	1348	contains	H
crates/bt-app/src/first_run.rs	1451	build	C
crates/bt-app/src/float.rs	732	float_opening_size	C
crates/bt-app/src/float.rs	810	float_placement	C
crates/bt-app/src/float.rs	883	cascade_origin	C
crates/bt-app/src/float.rs	963	float_dragged_to	C
crates/bt-app/src/float.rs	991	float_resized_to	C
crates/bt-app/src/float.rs	1023	peek_reach	C
crates/bt-app/src/float.rs	1117	float_hit	H
crates/bt-app/src/git_graph.rs	718	graph_ref_pill_at	H
crates/bt-app/src/git_graph.rs	1096	commit_row	C
crates/bt-app/src/git_graph.rs	1291	row_at	H
crates/bt-app/src/git_graph.rs	3382	detail_part_at	H
crates/bt-app/src/git_graph.rs	3759	graph_hit	H
crates/bt-app/src/git_panel.rs	2370	row_at	H
crates/bt-app/src/git_panel.rs	2839	act_at	H
crates/bt-app/src/icons.rs	170	mark_box_logical_px	C
crates/bt-app/src/ime_outbound.rs	143	caret_line	C
crates/bt-app/src/input.rs	184	pressed_button	B
crates/bt-app/src/input.rs	222	pressed_button_of_gesture	B
crates/bt-app/src/input.rs	573	is_a_keystroke	B
crates/bt-app/src/keyhint.rs	343	place	C
crates/bt-app/src/main.rs	5976	note_text_site	C
crates/bt-app/src/main.rs	6764	splice	C
crates/bt-app/src/main.rs	8170	markdown_empty_page_offset	C
crates/bt-app/src/main.rs	8201	markdown_source_offset_at	H
crates/bt-app/src/main.rs	8289	preview_text_box_at	H
crates/bt-app/src/main.rs	8811	preview_body_bar	C
crates/bt-app/src/main.rs	8841	preview_wide_blocks	C
crates/bt-app/src/main.rs	8879	preview_block_wheel	C
crates/bt-app/src/main.rs	8904	preview_block_bar_at	H
crates/bt-app/src/main.rs	9061	push_markdown_table	C
crates/bt-app/src/main.rs	9221	preview_document_max_scroll	C
crates/bt-app/src/main.rs	13349	revived	PE
crates/bt-app/src/main.rs	20611	armed	E
crates/bt-app/src/main.rs	20626	promoted	E
crates/bt-app/src/main.rs	21335	button_router_position	EB
crates/bt-app/src/main.rs	21468	answer_kind	B
crates/bt-app/src/main.rs	21614	route_forwarded_mouse_button	B
crates/bt-app/src/main.rs	21787	press_reaches_no_grid	C
crates/bt-app/src/main.rs	21811	clamp_into_body	C
crates/bt-app/src/main.rs	21828	register	E
crates/bt-app/src/main.rs	21884	new	E
crates/bt-app/src/main.rs	21893	travelled	E
crates/bt-app/src/main.rs	21953	armed	E
crates/bt-app/src/main.rs	21972	settled	E
crates/bt-app/src/main.rs	21991	travelled	E
crates/bt-app/src/main.rs	22277	contains_point	EH
crates/bt-app/src/main.rs	24005	from_content_key	E
crates/bt-app/src/main.rs	24046	observe	E
crates/bt-app/src/main.rs	24882	image_clamped_pan	C
crates/bt-app/src/main.rs	24916	zoom_about	C
crates/bt-app/src/main.rs	24940	image_zoom_notch	C
crates/bt-app/src/main.rs	24976	image_zoom_settles	E
crates/bt-app/src/main.rs	25080	collect	E
crates/bt-app/src/main.rs	25100	of	B
crates/bt-app/src/main.rs	25112	plus	B
crates/bt-app/src/main.rs	25126	delta	B
crates/bt-app/src/main.rs	25167	wheel_zoom_notches	B
crates/bt-app/src/main.rs	25192	wheel_points_sideways	B
crates/bt-app/src/main.rs	25248	upright_wheel	B
crates/bt-app/src/main.rs	25319	spend	B
crates/bt-app/src/main.rs	25374	spend	B
crates/bt-app/src/main.rs	25402	notch	B
crates/bt-app/src/main.rs	26141	overlay	E
crates/bt-app/src/main.rs	28130	answer_attention_in	R
crates/bt-app/src/main.rs	28164	expire_leaf_attention	C
crates/bt-app/src/main.rs	29997	resting	C
crates/bt-app/src/main.rs	30002	resting_on	C
crates/bt-app/src/main.rs	30498	displace	C
crates/bt-app/src/main.rs	31996	grabbed_offset	C
crates/bt-app/src/main.rs	32365	file_peek_promotion	C
crates/bt-app/src/main.rs	33122	over_home_ground	E
crates/bt-app/src/main.rs	33133	row_verb	E
crates/bt-app/src/main.rs	33776	release_verdict	E
crates/bt-app/src/main.rs	42959	new_window_runtime	P
crates/bt-app/src/main.rs	43548	settings_drag	C
crates/bt-app/src/main.rs	43760	create	R
crates/bt-app/src/main.rs	46089	glancing_row_at	EH
crates/bt-app/src/main.rs	46102	toggle_settings_panel	P
crates/bt-app/src/main.rs	46180	apply_settings_choice_announcing	R
crates/bt-app/src/main.rs	46598	reset_advanced_row	R
crates/bt-app/src/main.rs	47451	settings_mouse_input	PEB
crates/bt-app/src/main.rs	48603	focus_pane_at	EH
crates/bt-app/src/main.rs	48998	press_terminal_column_thumb	E
crates/bt-app/src/main.rs	49016	drag_terminal_column_thumb	E
crates/bt-app/src/main.rs	49070	press_terminal_thumb	E
crates/bt-app/src/main.rs	49100	drag_terminal_thumb	E
crates/bt-app/src/main.rs	49117	note_terminal_thumb_hover	E
crates/bt-app/src/main.rs	50654	row_under	EH
crates/bt-app/src/main.rs	51587	track_grabbed	E
crates/bt-app/src/main.rs	51696	glass_here	E
crates/bt-app/src/main.rs	51725	open_broker	E
crates/bt-app/src/main.rs	52231	set_focus_mode	P
crates/bt-app/src/main.rs	52296	toggle_focus_mode	R
crates/bt-app/src/main.rs	52494	open_settings_on_row	R
crates/bt-app/src/main.rs	52570	aim_focus_card_window	PB
crates/bt-app/src/main.rs	52774	drag_settings_menu_bar	E
crates/bt-app/src/main.rs	52821	scroll_settings	PB
crates/bt-app/src/main.rs	65101	drive_drag_broker	R
crates/bt-app/src/main.rs	67194	window_event	R
crates/bt-app/src/main.rs	67780	web_mouse_button	B
crates/bt-app/src/main.rs	68026	dropped_files_seat_at	EH
crates/bt-app/src/main.rs	68049	platform_pointer_of	E
crates/bt-app/src/main.rs	68229	wheel_steps_text_size	B
crates/bt-app/src/main.rs	68414	protocol_mouse_button	B
crates/bt-app/src/main.rs	72684	pan_on_the_wheel_road	EB
crates/bt-app/src/main.rs	73126	rail_zone_wants_open	E
crates/bt-app/src/marks.rs	1909	surface	C
crates/bt-app/src/marks.rs	1917	faded	C
crates/bt-app/src/marks.rs	3122	view_box_units	C
crates/bt-app/src/marks.rs	3379	view_box_extent	C
crates/bt-app/src/mouse_trace.rs	85	delta_word	B
crates/bt-app/src/mouse_trace.rs	98	point_word	C
crates/bt-app/src/mouse_trace.rs	104	rect_word	PB
crates/bt-app/src/mouse_trace.rs	139	line	P
crates/bt-app/src/mouse_trace.rs	203	line	B
crates/bt-app/src/mouse_trace.rs	245	line	B
crates/bt-app/src/notice.rs	460	hit	H
crates/bt-app/src/notice.rs	487	claim	H
crates/bt-app/src/palette.rs	922	layout	C
crates/bt-app/src/palette.rs	1191	hit	H
crates/bt-app/src/palette.rs	1241	wheel_part	H
crates/bt-app/src/palette.rs	1253	contains	H
crates/bt-app/src/peek_strip.rs	551	layout	C
crates/bt-app/src/preview.rs	3996	markdown_measure_box	C
crates/bt-app/src/preview.rs	7903	along	C
crates/bt-app/src/preview_live.rs	654	press	C
crates/bt-app/src/preview_select.rs	113	collapsed	C
crates/bt-app/src/preview_text.rs	120	replace	C
crates/bt-app/src/preview_viewport.rs	15	map	C
crates/bt-app/src/profiles.rs	117	item_mark_box_logical_px	C
crates/bt-app/src/profiles.rs	6040	contains	H
crates/bt-app/src/profiles.rs	6170	layout	C
crates/bt-app/src/profiles.rs	6409	hit	H
crates/bt-app/src/profiles.rs	6489	contains	H
crates/bt-app/src/profiles.rs	7663	root_menu_layout	C
crates/bt-app/src/profiles.rs	7810	root_menu_hit	H
crates/bt-app/src/profiles.rs	8755	pressed_at	H
crates/bt-app/src/profiles.rs	8783	file_menu_layout	C
crates/bt-app/src/profiles.rs	8885	file_menu_hit	H
crates/bt-app/src/profiles.rs	9610	git_menu_layout	C
crates/bt-app/src/profiles.rs	9745	git_menu_hit	H
crates/bt-app/src/profiles.rs	10509	on_submenu	C
crates/bt-app/src/profiles.rs	10553	term_menu_layout	C
crates/bt-app/src/profiles.rs	10736	term_menu_hit	H
crates/bt-app/src/profiles.rs	11002	observe	C
crates/bt-app/src/profiles.rs	11845	safe_triangle_holds	H
crates/bt-app/src/profiles.rs	12094	contains	H
crates/bt-app/src/profiles.rs	12121	on_submenu	C
crates/bt-app/src/profiles.rs	12150	holds	C
crates/bt-app/src/profiles.rs	12194	pane_menu_layout	C
crates/bt-app/src/profiles.rs	12477	pane_submenu_layout	C
crates/bt-app/src/profiles.rs	12587	pane_menu_hit	H
crates/bt-app/src/profiles.rs	13385	on_submenu	C
crates/bt-app/src/profiles.rs	13406	tab_menu_layout	C
crates/bt-app/src/profiles.rs	13549	tab_menu_hit	H
crates/bt-app/src/profiles.rs	13901	git_filter_menu_hit	H
crates/bt-app/src/profiles.rs	14243	preview_menu_layout	C
crates/bt-app/src/profiles.rs	14364	preview_menu_hit	H
crates/bt-app/src/quake.rs	237	under_the_pointer	P
crates/bt-app/src/restore.rs	825	hit	H
crates/bt-app/src/restore.rs	836	contains	H
crates/bt-app/src/restore.rs	1879	gate_hit	H
crates/bt-app/src/restore.rs	2174	quit_hit	H
crates/bt-app/src/restore.rs	2459	invite_hit	H
crates/bt-app/src/restore.rs	2824	paste_card_hit	H
crates/bt-app/src/restore.rs	3237	update_card_hit	H
crates/bt-app/src/runtime/attention.rs	23	toast	P
crates/bt-app/src/runtime/attention.rs	92	toast_layer	R
crates/bt-app/src/runtime/attention.rs	182	toast_pointer	P
crates/bt-app/src/runtime/attention.rs	247	drive_toast_hover	E
crates/bt-app/src/runtime/attention.rs	278	press_toast	E
crates/bt-app/src/runtime/attention.rs	505	drive_notice_hover	E
crates/bt-app/src/runtime/attention.rs	525	press_notice	E
crates/bt-app/src/runtime/attention.rs	567	notice_at	EH
crates/bt-app/src/runtime/attention.rs	592	docked_notice_at	EH
crates/bt-app/src/runtime/attention.rs	609	notice_part_at	EH
crates/bt-app/src/runtime/clipboard.rs	279	paste_offer_kept	R
crates/bt-app/src/runtime/files.rs	440	toggle_files_pane	R
crates/bt-app/src/runtime/files.rs	1727	file_row_under	EH
crates/bt-app/src/runtime/files.rs	1833	files_ground_under	EH
crates/bt-app/src/runtime/files.rs	2243	undock_files_column	R
crates/bt-app/src/runtime/files.rs	2547	scroll_files_tree	B
crates/bt-app/src/runtime/files.rs	2745	files_seg_widths	C
crates/bt-app/src/runtime/files.rs	3015	dropped_files_seat	E
crates/bt-app/src/runtime/floats.rs	32	refresh_chrome_with_overlay	R
crates/bt-app/src/runtime/floats.rs	1157	close_popups_except	R
crates/bt-app/src/runtime/floats.rs	1179	close_popup	P
crates/bt-app/src/runtime/floats.rs	1251	close_every_popup	R
crates/bt-app/src/runtime/floats.rs	1428	open_file_menu	C
crates/bt-app/src/runtime/floats.rs	1597	open_term_menu_at	EH
crates/bt-app/src/runtime/floats.rs	1636	open_page_menu_at	EH
crates/bt-app/src/runtime/floats.rs	1883	advance_term_menu	P
crates/bt-app/src/runtime/floats.rs	1919	float_trigger_at	EH
crates/bt-app/src/runtime/floats.rs	1974	observe_chevrons	E
crates/bt-app/src/runtime/floats.rs	2132	popover_trigger_at	EH
crates/bt-app/src/runtime/floats.rs	2274	advance_chevrons	P
crates/bt-app/src/runtime/floats.rs	2487	float_hit_at	EH
crates/bt-app/src/runtime/floats.rs	2633	advance_float	R
crates/bt-app/src/runtime/floats.rs	3156	float_layer	R
crates/bt-app/src/runtime/floats.rs	3349	open_float	R
crates/bt-app/src/runtime/floats.rs	3384	taken_float_origins	C
crates/bt-app/src/runtime/floats.rs	3398	place_float	P
crates/bt-app/src/runtime/floats.rs	3472	dismiss_float	P
crates/bt-app/src/runtime/floats.rs	3500	dismiss_top_float	R
crates/bt-app/src/runtime/floats.rs	3515	scroll_float_tree	PB
crates/bt-app/src/runtime/frame.rs	811	chrome_target_at	EH
crates/bt-app/src/runtime/frame.rs	861	publish_to_broker	E
crates/bt-app/src/runtime/frame.rs	1635	turn	R
crates/bt-app/src/runtime/git.rs	1976	scroll_git_graph	B
crates/bt-app/src/runtime/git.rs	2301	git_menu_target_at	EH
crates/bt-app/src/runtime/git.rs	2443	open_git_menu_at	EH
crates/bt-app/src/runtime/git.rs	4513	scroll_float_git_page	PB
crates/bt-app/src/runtime/git.rs	4561	scroll_git_panel	B
crates/bt-app/src/runtime/git.rs	4624	heal_git_hover	P
crates/bt-app/src/runtime/keyboard.rs	328	run_shortcut	R
crates/bt-app/src/runtime/keyboard.rs	1035	keyboard_input	P
crates/bt-app/src/runtime/keyboard.rs	2159	observe_ime_key	R
crates/bt-app/src/runtime/math.rs	1364	pane_hit_context	PEH
crates/bt-app/src/runtime/math.rs	1430	math_hit	R
crates/bt-app/src/runtime/math.rs	2018	refresh_math_hover_against_the_picture	P
crates/bt-app/src/runtime/mouse.rs	295	close_hover_floats_except	P
crates/bt-app/src/runtime/mouse.rs	349	rearm_hover_intents	P
crates/bt-app/src/runtime/mouse.rs	422	note_terminal_column_hover	E
crates/bt-app/src/runtime/mouse.rs	447	arm_row_press	E
crates/bt-app/src/runtime/mouse.rs	475	begin_row_drag	E
crates/bt-app/src/runtime/mouse.rs	547	drive_term_menu_hover	E
crates/bt-app/src/runtime/mouse.rs	704	service_drag_autoscroll	R
crates/bt-app/src/runtime/mouse.rs	773	drag_autoscroll_deadline	R
crates/bt-app/src/runtime/mouse.rs	818	press_on_its_own_trigger	E
crates/bt-app/src/runtime/mouse.rs	853	drive_float_hover	E
crates/bt-app/src/runtime/mouse.rs	898	press_float	E
crates/bt-app/src/runtime/mouse.rs	1107	press_preview_body_ladder	E
crates/bt-app/src/runtime/mouse.rs	1217	promote_float_head_press	E
crates/bt-app/src/runtime/mouse.rs	1249	drive_float_drag	E
crates/bt-app/src/runtime/mouse.rs	1344	pointer_over_a_float	E
crates/bt-app/src/runtime/mouse.rs	1375	forwarded_mouse_hit	R
crates/bt-app/src/runtime/mouse.rs	1391	forwarded_mouse_hit_in	R
crates/bt-app/src/runtime/mouse.rs	1441	pointer_left	P
crates/bt-app/src/runtime/mouse.rs	1570	pointer_moved	PE
crates/bt-app/src/runtime/mouse.rs	2339	pointer_target_at	EH
crates/bt-app/src/runtime/mouse.rs	2386	in_pane_surface_at	EH
crates/bt-app/src/runtime/mouse.rs	2409	painted_over_in_pane_at	EH
crates/bt-app/src/runtime/mouse.rs	2423	topmost_band_over_in_pane_at	EH
crates/bt-app/src/runtime/mouse.rs	2432	over_in_pane_claims	E
crates/bt-app/src/runtime/mouse.rs	2509	press_in_pane_surface	EB
crates/bt-app/src/runtime/mouse.rs	2535	owned_tooltip_anchor_at	EH
crates/bt-app/src/runtime/mouse.rs	2550	update_chrome_hover	E
crates/bt-app/src/runtime/mouse.rs	2620	apply_pointer_cursor	P
crates/bt-app/src/runtime/mouse.rs	2713	drag_autoscroll_aim	E
crates/bt-app/src/runtime/mouse.rs	2728	begin_drag	E
crates/bt-app/src/runtime/mouse.rs	2827	survey_drop	E
crates/bt-app/src/runtime/mouse.rs	2909	pointer_is_on_our_own_glass	E
crates/bt-app/src/runtime/mouse.rs	2913	drive_drag	E
crates/bt-app/src/runtime/mouse.rs	3040	release_drag	R
crates/bt-app/src/runtime/mouse.rs	3125	cancel_drag	R
crates/bt-app/src/runtime/mouse.rs	3145	finish_drag	P
crates/bt-app/src/runtime/mouse.rs	3193	chrome_mouse_input	EB
crates/bt-app/src/runtime/mouse.rs	4255	release_owned_gesture	B
crates/bt-app/src/runtime/mouse.rs	4341	forwarded_gesture_hit	R
crates/bt-app/src/runtime/mouse.rs	4383	mouse_input	PB
crates/bt-app/src/runtime/mouse.rs	5527	vertical_wheel_travel	B
crates/bt-app/src/runtime/mouse.rs	5548	wheel_travel	B
crates/bt-app/src/runtime/mouse.rs	5578	queue_wheel	B
crates/bt-app/src/runtime/mouse.rs	5645	spend_parked_pans	R
crates/bt-app/src/runtime/mouse.rs	5676	flush_wheel	R
crates/bt-app/src/runtime/mouse.rs	5709	collect_dropped_file	R
crates/bt-app/src/runtime/mouse.rs	5763	platform_pointer_now	PE
crates/bt-app/src/runtime/mouse.rs	5771	mouse_wheel	PB
crates/bt-app/src/runtime/mouse.rs	6387	take_forward_wheel_lines	B
crates/bt-app/src/runtime/mouse.rs	6432	take_forward_wheel_notches	B
crates/bt-app/src/runtime/mouse.rs	6469	wheel_columns	B
crates/bt-app/src/runtime/palette.rs	110	close_command_palette	R
crates/bt-app/src/runtime/palette.rs	234	drive_palette_hover	E
crates/bt-app/src/runtime/palette.rs	274	scroll_palette_list	PB
crates/bt-app/src/runtime/palette.rs	324	palette_key	B
crates/bt-app/src/runtime/panes.rs	613	drive_command_rail_hover	E
crates/bt-app/src/runtime/panes.rs	691	settle_command_rail	E
crates/bt-app/src/runtime/panes.rs	732	command_rail_at	EH
crates/bt-app/src/runtime/panes.rs	787	press_command_rail	E
crates/bt-app/src/runtime/panes.rs	1288	close_rail_popups	R
crates/bt-app/src/runtime/panes.rs	1396	close_pane	P
crates/bt-app/src/runtime/panes.rs	2296	open_pane_menu	C
crates/bt-app/src/runtime/panes.rs	2501	drive_pane_menu_hover	E
crates/bt-app/src/runtime/panes.rs	2616	advance_pane_menu	P
crates/bt-app/src/runtime/panes.rs	2656	pane_menu_row_under_pointer	P
crates/bt-app/src/runtime/panes.rs	2814	run_pane_verb	R
crates/bt-app/src/runtime/panes.rs	3057	dock_float	R
crates/bt-app/src/runtime/panes.rs	3514	pane_frame_hit	R
crates/bt-app/src/runtime/panes.rs	3645	drag_hit_in_pane	P
crates/bt-app/src/runtime/panes.rs	3681	hovered_leaf	R
crates/bt-app/src/runtime/panes.rs	3697	observe_hovered_pane	R
crates/bt-app/src/runtime/panes.rs	3811	drive_divider_drag	E
crates/bt-app/src/runtime/panes.rs	3922	end_a_divider_drag_that_lost_its_pointer	R
crates/bt-app/src/runtime/panes.rs	3932	cancel_divider_drag	P
crates/bt-app/src/runtime/panes.rs	3986	docked_chrome_target_at	EH
crates/bt-app/src/runtime/panes.rs	4238	update_chrome_hover_target_in_pane	R
crates/bt-app/src/runtime/panes.rs	4283	begin_pane_drag	E
crates/bt-app/src/runtime/panes.rs	4894	drive_rail_zone	E
crates/bt-app/src/runtime/panes.rs	4975	toggle_rail_collapsed	R
crates/bt-app/src/runtime/panes.rs	4986	set_rail_state	P
crates/bt-app/src/runtime/panes.rs	5075	scroll_rail	PB
crates/bt-app/src/runtime/panes.rs	5147	panel_covers	EH
crates/bt-app/src/runtime/panes.rs	5157	rail_contains	EH
crates/bt-app/src/runtime/panes.rs	5184	wheel_rail_trace	E
crates/bt-app/src/runtime/peek.rs	80	layout_peek_target_at	EH
crates/bt-app/src/runtime/peek.rs	400	observe_file_peek	P
crates/bt-app/src/runtime/peek.rs	485	relight_file_peek_foot	R
crates/bt-app/src/runtime/peek.rs	724	file_peek_holds	H
crates/bt-app/src/runtime/peek.rs	755	file_peek_life	C
crates/bt-app/src/runtime/peek.rs	1455	file_peek_layer	R
crates/bt-app/src/runtime/peek.rs	1539	file_peek_card_layers	P
crates/bt-app/src/runtime/peek.rs	1954	press_file_peek	PB
crates/bt-app/src/runtime/peek.rs	2073	press_file_peek_foot	R
crates/bt-app/src/runtime/peek.rs	2108	file_peek_foot_grasp	P
crates/bt-app/src/runtime/peek.rs	2193	drag_file_peek_thumb	E
crates/bt-app/src/runtime/peek.rs	2237	promote_file_peek_press	E
crates/bt-app/src/runtime/peek.rs	2285	promote_file_peek	E
crates/bt-app/src/runtime/peek.rs	2448	pointer_is_in_the_peeks_own_glance	E
crates/bt-app/src/runtime/peek.rs	2470	pointer_is_on_the_peeks_reference	E
crates/bt-app/src/runtime/peek.rs	2897	file_peek_head_grasp	P
crates/bt-app/src/runtime/preview.rs	202	preview_neighbour_buttons	P
crates/bt-app/src/runtime/preview.rs	228	preview_neighbour_layer	R
crates/bt-app/src/runtime/preview.rs	264	press_preview_neighbour	E
crates/bt-app/src/runtime/preview.rs	275	preview_neighbour_at	EH
crates/bt-app/src/runtime/preview.rs	2448	preview_surface_at	EH
crates/bt-app/src/runtime/preview.rs	4498	scroll_preview_body	B
crates/bt-app/src/runtime/preview.rs	4556	scroll_preview_block	P
crates/bt-app/src/runtime/preview.rs	4650	preview_block_surface_at	EH
crates/bt-app/src/runtime/preview.rs	4670	preview_block_bar_under	EH
crates/bt-app/src/runtime/preview.rs	4912	video_play_mark_layer	P
crates/bt-app/src/runtime/preview.rs	4955	press_video_at	EH
crates/bt-app/src/runtime/preview.rs	5046	double_click_started_a_video	C
crates/bt-app/src/runtime/preview.rs	5104	drag_video_bar	E
crates/bt-app/src/runtime/preview.rs	5130	note_video_hover	E
crates/bt-app/src/runtime/preview.rs	5275	preview_body_bar_under	EH
crates/bt-app/src/runtime/preview.rs	5308	press_preview_body_thumb	E
crates/bt-app/src/runtime/preview.rs	5336	drag_preview_body_thumb	E
crates/bt-app/src/runtime/preview.rs	5371	note_preview_body_hover	E
crates/bt-app/src/runtime/preview.rs	5387	preview_link_at	EH
crates/bt-app/src/runtime/preview.rs	5513	preview_place_at	EH
crates/bt-app/src/runtime/preview.rs	5681	preview_md_file_offset_at	EH
crates/bt-app/src/runtime/preview.rs	5741	preview_rendered_surface_at	EH
crates/bt-app/src/runtime/preview.rs	5772	press_preview_text	E
crates/bt-app/src/runtime/preview.rs	6171	drag_preview_text	E
crates/bt-app/src/runtime/preview.rs	6261	release_preview_text	E
crates/bt-app/src/runtime/preview.rs	6368	note_preview_link_hover	E
crates/bt-app/src/runtime/preview.rs	6398	preview_hex_at	EH
crates/bt-app/src/runtime/preview.rs	6463	note_preview_hex_hover	E
crates/bt-app/src/runtime/preview.rs	6479	press_preview_block_thumb	E
crates/bt-app/src/runtime/preview.rs	6502	drag_preview_block_thumb	E
crates/bt-app/src/runtime/preview.rs	6554	note_preview_block_hover	E
crates/bt-app/src/runtime/preview.rs	6575	clamped_preview_scroll	C
crates/bt-app/src/runtime/preview.rs	6601	preview_max_scroll	C
crates/bt-app/src/runtime/preview.rs	7828	press_preview_body	E
crates/bt-app/src/runtime/preview.rs	7906	press_preview_image	E
crates/bt-app/src/runtime/preview.rs	7938	drag_preview_image	E
crates/bt-app/src/runtime/preview.rs	7970	drag_preview_selection	E
crates/bt-app/src/runtime/preview.rs	8004	preview_edit_body	E
crates/bt-app/src/runtime/preview.rs	8019	preview_offset_at	EH
crates/bt-app/src/runtime/preview.rs	9870	set_preview_image_zoom	R
crates/bt-app/src/runtime/preview.rs	11974	pop_out_preview	R
crates/bt-app/src/runtime/preview.rs	12132	dock_preview_float	R
crates/bt-app/src/runtime/preview.rs	13628	image_grasp	P
crates/bt-app/src/runtime/profiles.rs	270	close_profile_menu	R
crates/bt-app/src/runtime/profiles.rs	516	take_program_news	R
crates/bt-app/src/runtime/profiles.rs	544	relight_program_menus	P
crates/bt-app/src/runtime/quake.rs	33	show_quake_window	R
crates/bt-app/src/runtime/search.rs	33	drive_search_hover	E
crates/bt-app/src/runtime/search.rs	683	search_at	EH
crates/bt-app/src/runtime/search.rs	695	search_part_at	EH
crates/bt-app/src/runtime/search.rs	704	press_search	E
crates/bt-app/src/runtime/tabs.rs	922	open_tab_menu_at	EH
crates/bt-app/src/runtime/tabs.rs	1047	drive_tab_menu_hover	E
crates/bt-app/src/runtime/tabs.rs	1134	advance_tab_menu	P
crates/bt-app/src/runtime/tabs.rs	1727	tab_list_target_at	EH
crates/bt-app/src/runtime/tabs.rs	1800	press_tab	E
crates/bt-app/src/runtime/tabs.rs	1953	begin_tab_drag	E
crates/bt-app/src/runtime/tabs.rs	2009	survey_strip	E
crates/bt-app/src/runtime/tabs.rs	2281	foreign_strip_landing	R
crates/bt-app/src/runtime/tabs.rs	2437	leave_strip	E
crates/bt-app/src/runtime/tabs.rs	2488	settle_strip_reorder	E
crates/bt-app/src/runtime/tabs.rs	3345	scroll_tab_strip	PB
crates/bt-app/src/runtime/tabs.rs	3413	reap_exited_tabs	R
crates/bt-app/src/runtime/tabs.rs	3530	withdraw_a_blank_page	R
crates/bt-app/src/runtime/terminal.rs	382	terminal_column_bar_under	EH
crates/bt-app/src/runtime/terminal.rs	408	terminal_bar_under	EH
crates/bt-app/src/runtime/terminal.rs	624	reset_terminal_modes	R
crates/bt-app/src/runtime/terminal.rs	1294	hyperlink_hit	R
crates/bt-app/src/runtime/terminal.rs	1447	extend_local_selection	R
crates/bt-app/src/runtime/terminal.rs	1552	client_origin_on_screen	C
crates/bt-app/src/runtime/terminal.rs	1558	to_screen	E
crates/bt-app/src/runtime/terminal.rs	1564	screen_to_client	E
crates/bt-app/src/runtime/tooltips.rs	580	tooltip_anchor_at	EH
crates/bt-app/src/runtime/update_card.rs	289	hover_uninstall_card	C
crates/bt-app/src/runtime/web.rs	618	apply_web_outcomes	R
crates/bt-app/src/runtime/web.rs	1517	press_web_sheet	E
crates/bt-app/src/runtime/web.rs	1709	web_page_at	EH
crates/bt-app/src/runtime/web.rs	1767	point_is_on_the_web_page	E
crates/bt-app/src/runtime/web.rs	1775	send_to_web_page	E
crates/bt-app/src/runtime/web.rs	1792	send_to_web_page_at	EH
crates/bt-app/src/runtime/web.rs	1808	drive_web_pointer	E
crates/bt-app/src/runtime/web.rs	1852	press_web_page	EB
crates/bt-app/src/runtime/web.rs	1936	scroll_web_page	E
crates/bt-app/src/runtime/windows.rs	72	open_window	R
crates/bt-app/src/runtime/windows.rs	1488	answer_dirty_gate	R
crates/bt-app/src/search.rs	1393	hit	H
crates/bt-app/src/seats.rs	4668	covers	H
crates/bt-app/src/seats.rs	5051	hit_rail_chrome	H
crates/bt-app/src/seats.rs	5264	covers	H
crates/bt-app/src/seats.rs	6048	hit_focus_rail	H
crates/bt-app/src/seats.rs	6113	hit_tab_chrome	H
crates/bt-app/src/seats.rs	6171	tab_strip_contains	H
crates/bt-app/src/seats.rs	6291	head_run_revealed	R
crates/bt-app/src/seats.rs	6343	hit_chrome_in_motion	H
crates/bt-app/src/seats.rs	6452	hit_pane_ghost	H
crates/bt-app/src/seats.rs	6530	hit_window_chrome	H
crates/bt-app/src/seats.rs	6657	title_bar_drag_point	H
crates/bt-app/src/seats.rs	6876	contains	H
crates/bt-app/src/seats.rs	6887	rect_holds	H
crates/bt-app/src/seats.rs	7665	pane_at	H
crates/bt-app/src/seats.rs	7818	aim_at_layout	C
crates/bt-app/src/seats.rs	8116	pos	C
crates/bt-app/src/seats.rs	8181	contains	H
crates/bt-app/src/seats.rs	8226	slot_at	H
crates/bt-app/src/seats.rs	8289	aim	C
crates/bt-app/src/seats.rs	17002	preview_rail_part	H
crates/bt-app/src/seats.rs	17135	hit_preview_rail	H
crates/bt-app/src/seats.rs	17178	hit_files_root	H
crates/bt-app/src/seats.rs	17272	hit_text_size	H
crates/bt-app/src/seats.rs	17511	row_at	H
crates/bt-app/src/seats.rs	17624	files_body_at	H
crates/bt-app/src/seats.rs	17737	button_at	H
crates/bt-app/src/seats.rs	17750	files_seg_geometry	C
crates/bt-app/src/seats.rs	18354	hit_files_foot	H
crates/bt-app/src/seats.rs	18393	hit_files_seg	H
crates/bt-app/src/seats.rs	18432	hit_git_panel	H
crates/bt-app/src/seats.rs	18493	hit_git_graph	H
crates/bt-app/src/seats.rs	18605	hit_preview_head	H
crates/bt-app/src/seats.rs	18711	hit_files_tree	H
crates/bt-app/src/seats.rs	18767	files_ground_at	H
crates/bt-app/src/seats.rs	20733	preview_mono_geometry	C
crates/bt-app/src/seats.rs	20846	preview_table_geometry	C
crates/bt-app/src/seats.rs	21427	hit_preview_play	H
crates/bt-app/src/seats.rs	21475	hit_preview_card_button	H
crates/bt-app/src/seats.rs	22239	requested_fixed_extent	C
crates/bt-app/src/seats.rs	22269	requested_ratio	C
crates/bt-app/src/seed.rs	444	ago_label	C
crates/bt-app/src/settings.rs	1109	option_mark_box_logical_px	C
crates/bt-app/src/settings.rs	11004	contains	H
crates/bt-app/src/settings.rs	13693	hit	H
crates/bt-app/src/settings_geometry.rs	35	new	C
crates/bt-app/src/settings_geometry.rs	180	settings_drag	C
crates/bt-app/src/settings_geometry.rs	185	pointer_moved	C
crates/bt-app/src/termscroll.rs	269	thumb_holds	H
crates/bt-app/src/termscroll.rs	277	lane_holds	H
crates/bt-app/src/termscroll.rs	328	within	C
crates/bt-app/src/termscroll.rs	607	thumb_holds	H
crates/bt-app/src/toast.rs	770	at	H
crates/bt-app/src/toast.rs	793	contains	H
crates/bt-app/src/toast.rs	808	place	C
crates/bt-app/src/toast.rs	1084	build	C
crates/bt-app/src/tooltip.rs	246	padding_logical_px	C
crates/bt-app/src/tooltip.rs	624	at	H
crates/bt-app/src/tooltip.rs	962	place	C
crates/bt-app/src/tooltip.rs	1204	layout	C
crates/bt-app/src/update_archive.rs	544	at	C
crates/bt-app/src/video_seat.rs	233	slot_at	H
crates/bt-app/src/video_seat.rs	258	holds	C
crates/bt-app/src/video_seat.rs	1061	grab	C
crates/bt-app/src/video_seat.rs	1070	drag_to	C
crates/bt-app/src/websheet.rs	438	hit	H
crates/bt-app/src/websheet.rs	453	covers	H
crates/bt-app/src/websheet.rs	457	inside	C
