# Every read of pointer data in bt-app outside `crate::runtime::pointer`, one row per occurrence
# (T-POINTER-CAPTURE, docs/plans/design/pointer-capture-2026-10-09.md section 4.2).
#
# Generated by scripts/dev/generate-pointer-debt.ps1 from the query of
# `every_pointer_read_is_the_routers_or_a_captures`; do not edit by hand. A reader moved behind the
# router leaves this file in the same commit; nothing adds a row (scripts/ci/check-pointer-debt.ps1).
owner	door
crate (outside any item)	N-B
crate (outside any item)	N-B
crate (outside any item)	N-B
crate (outside any item)	N-E
crate::<Runtime as settings::geometry::PointerHost>::settings_drag	N-E
crate::CardAim::spend	N-B
crate::Drag::pointer	N-E
crate::DragLatch::new	N-E
crate::DragLatch::origin	N-E
crate::DragLatch::travelled	N-E
crate::DropBatch::collect	N-E
crate::DropBatch::point	N-E
crate::FloatHeadPress::armed	N-E
crate::FloatHeadPress::promoted	N-E
crate::ForeignDrag::pointer	N-E
crate::PeekCandidate::pointer	N-E
crate::PeekHover::observe	N-E
crate::PeekThumbnail::overlay	N-E
crate::Runtime::aim_focus_card_window	N-B
crate::Runtime::aim_focus_card_window	N-P
crate::Runtime::drag_settings_menu_bar	N-E
crate::Runtime::drag_terminal_column_thumb	N-E
crate::Runtime::drag_terminal_thumb	N-E
crate::Runtime::focus_pane_at	N-E
crate::Runtime::glancing_row_at	N-E
crate::Runtime::glass_here	N-E
crate::Runtime::note_terminal_thumb_hover	N-E
crate::Runtime::open_broker	N-E
crate::Runtime::press_terminal_column_thumb	N-E
crate::Runtime::press_terminal_thumb	N-E
crate::Runtime::row_under	N-E
crate::Runtime::scroll_settings	N-B
crate::Runtime::scroll_settings	N-P
crate::Runtime::scroll_settings	N-P
crate::Runtime::set_focus_mode	N-P
crate::Runtime::settings_mouse_input	N-B
crate::Runtime::settings_mouse_input	N-B
crate::Runtime::settings_mouse_input	N-B
crate::Runtime::settings_mouse_input	N-B
crate::Runtime::settings_mouse_input	N-B
crate::Runtime::settings_mouse_input	N-E
crate::Runtime::settings_mouse_input	N-P
crate::Runtime::settings_mouse_input	N-P
crate::Runtime::settings_mouse_input	N-P
crate::Runtime::toggle_settings_panel	N-P
crate::Runtime::track_grabbed	N-E
crate::TabPress::armed	N-E
crate::TabPress::settled	N-E
crate::TabPress::travelled	N-E
crate::TextSizeAim::notch	N-B
crate::TextSizeAim::spend	N-B
crate::UserInputKind::MouseButton	N-B
crate::UserInputKind::answer_kind	N-B
crate::UserInputKind::answer_kind	N-B
crate::WheelBurst::delta	N-B
crate::WheelBurst::delta	N-B
crate::WheelBurst::delta	N-B
crate::WheelBurst::delta	N-E
crate::WheelBurst::of	N-B
crate::WheelBurst::of	N-B
crate::WheelBurst::of	N-B
crate::WheelBurst::plus	N-B
crate::WheelBurst::plus	N-B
crate::WheelBurst::plus	N-B
crate::WindowRuntime::pointer_last_seen	N-E
crate::WindowRuntime::pointer_last_seen	N-P
crate::WindowRuntime::pointer_position	N-E
crate::WindowRuntime::pointer_position	N-P
crate::button_router_position	N-B
crate::button_router_position	N-B
crate::button_router_position	N-B
crate::button_router_position	N-E
crate::button_router_position	N-E
crate::button_router_position	N-E
crate::contains_point	N-E
crate::dropped_files_seat_at	N-E
crate::file_reads::is_user_input	N-W
crate::file_reads::is_user_input	N-W
crate::file_reads::is_user_input	N-W
crate::file_reads::is_user_input	N-W
crate::file_reads::is_user_input	N-W
crate::input (outside any item)	N-B
crate::input (outside any item)	N-B
crate::input::is_a_keystroke	N-B
crate::input::is_a_keystroke	N-B
crate::input::pressed_button	N-B
crate::input::pressed_button	N-B
crate::input::pressed_button	N-B
crate::input::pressed_button	N-B
crate::input::pressed_button_of_gesture	N-B
crate::input::pressed_button_of_gesture	N-B
crate::input::pressed_button_of_gesture	N-B
crate::input::pressed_button_of_gesture	N-B
crate::input::pressed_button_of_gesture	N-B
crate::input::pressed_button_of_gesture	N-B
crate::input::pressed_button_of_gesture	N-B
crate::input::pressed_button_of_gesture	N-B
crate::input::pressed_button_of_gesture	N-B
crate::mouse_trace (outside any item)	N-B
crate::mouse_trace::WheelAim::carried_after	N-B
crate::mouse_trace::WheelAim::carried_before	N-B
crate::mouse_trace::WheelAim::line	N-B
crate::mouse_trace::WheelEntry::flushed	N-B
crate::mouse_trace::WheelEntry::line	N-P
crate::mouse_trace::WheelEntry::pointer_last_seen	N-P
crate::mouse_trace::delta_word	N-B
crate::mouse_trace::delta_word	N-B
crate::mouse_trace::delta_word	N-B
crate::new_window_runtime	N-P
crate::new_window_runtime	N-P
crate::over_home_ground	N-E
crate::platform_pointer_of	N-E
crate::platform_pointer_of	N-E
crate::protocol_mouse_button	N-B
crate::protocol_mouse_button	N-B
crate::protocol_mouse_button	N-B
crate::protocol_mouse_button	N-B
crate::protocol_mouse_button	N-B
crate::protocol_mouse_button	N-B
crate::protocol_mouse_button	N-B
crate::quake::SummonScreen::under_the_pointer	N-P
crate::quake::SummonScreen::under_the_pointer	N-S
crate::rail_zone_wants_open	N-E
crate::route_forwarded_mouse_button	N-B
crate::route_forwarded_mouse_button	N-B
crate::route_forwarded_mouse_button	N-B
crate::runtime::attention (outside any item)	N-E
crate::runtime::attention::Runtime::docked_notice_at	N-E
crate::runtime::attention::Runtime::drive_notice_hover	N-E
crate::runtime::attention::Runtime::drive_toast_hover	N-E
crate::runtime::attention::Runtime::notice_at	N-E
crate::runtime::attention::Runtime::notice_part_at	N-E
crate::runtime::attention::Runtime::press_notice	N-E
crate::runtime::attention::Runtime::press_toast	N-E
crate::runtime::attention::Runtime::toast	N-P
crate::runtime::attention::Runtime::toast_pointer	N-P
crate::runtime::files (outside any item)	N-B
crate::runtime::files (outside any item)	N-E
crate::runtime::files::Runtime::dropped_files_seat	N-E
crate::runtime::files::Runtime::file_row_under	N-E
crate::runtime::files::Runtime::files_ground_under	N-E
crate::runtime::files::Runtime::scroll_files_tree	N-B
crate::runtime::floats (outside any item)	N-B
crate::runtime::floats (outside any item)	N-E
crate::runtime::floats::Runtime::advance_chevrons	N-P
crate::runtime::floats::Runtime::advance_chevrons	N-P
crate::runtime::floats::Runtime::advance_term_menu	N-P
crate::runtime::floats::Runtime::close_popup	N-P
crate::runtime::floats::Runtime::dismiss_float	N-P
crate::runtime::floats::Runtime::float_hit_at	N-E
crate::runtime::floats::Runtime::float_trigger_at	N-E
crate::runtime::floats::Runtime::observe_chevrons	N-E
crate::runtime::floats::Runtime::open_page_menu_at	N-E
crate::runtime::floats::Runtime::open_term_menu_at	N-E
crate::runtime::floats::Runtime::place_float	N-P
crate::runtime::floats::Runtime::popover_trigger_at	N-E
crate::runtime::floats::Runtime::scroll_float_tree	N-B
crate::runtime::floats::Runtime::scroll_float_tree	N-P
crate::runtime::frame (outside any item)	N-E
crate::runtime::frame::Runtime::chrome_target_at	N-E
crate::runtime::frame::Runtime::publish_to_broker	N-E
crate::runtime::git (outside any item)	N-B
crate::runtime::git (outside any item)	N-E
crate::runtime::git::Runtime::git_menu_target_at	N-E
crate::runtime::git::Runtime::heal_git_hover	N-P
crate::runtime::git::Runtime::open_git_menu_at	N-E
crate::runtime::git::Runtime::scroll_float_git_page	N-B
crate::runtime::git::Runtime::scroll_float_git_page	N-P
crate::runtime::git::Runtime::scroll_git_graph	N-B
crate::runtime::git::Runtime::scroll_git_panel	N-B
crate::runtime::keyboard (outside any item)	N-E
crate::runtime::keyboard::Runtime::apply_ime_cursor_area	N-E
crate::runtime::keyboard::Runtime::keyboard_input	N-P
crate::runtime::keyboard::Runtime::keyboard_input	N-P
crate::runtime::math (outside any item)	N-E
crate::runtime::math::Runtime::pane_hit_context	N-E
crate::runtime::math::Runtime::pane_hit_context	N-E
crate::runtime::math::Runtime::pane_hit_context	N-P
crate::runtime::math::Runtime::refresh_math_hover_against_the_picture	N-P
crate::runtime::mouse (outside any item)	N-B
crate::runtime::mouse (outside any item)	N-B
crate::runtime::mouse (outside any item)	N-B
crate::runtime::mouse (outside any item)	N-E
crate::runtime::mouse::Runtime::apply_pointer_cursor	N-P
crate::runtime::mouse::Runtime::apply_pointer_cursor	N-P
crate::runtime::mouse::Runtime::arm_row_press	N-E
crate::runtime::mouse::Runtime::begin_drag	N-E
crate::runtime::mouse::Runtime::begin_row_drag	N-E
crate::runtime::mouse::Runtime::chrome_mouse_input	N-B
crate::runtime::mouse::Runtime::chrome_mouse_input	N-B
crate::runtime::mouse::Runtime::chrome_mouse_input	N-B
crate::runtime::mouse::Runtime::chrome_mouse_input	N-B
crate::runtime::mouse::Runtime::chrome_mouse_input	N-B
crate::runtime::mouse::Runtime::chrome_mouse_input	N-B
crate::runtime::mouse::Runtime::chrome_mouse_input	N-E
crate::runtime::mouse::Runtime::close_hover_floats_except	N-P
crate::runtime::mouse::Runtime::drag_autoscroll_aim	N-E
crate::runtime::mouse::Runtime::drive_drag	N-E
crate::runtime::mouse::Runtime::drive_float_drag	N-E
crate::runtime::mouse::Runtime::drive_float_hover	N-E
crate::runtime::mouse::Runtime::drive_term_menu_hover	N-E
crate::runtime::mouse::Runtime::finish_drag	N-P
crate::runtime::mouse::Runtime::flush_wheel	N-P
crate::runtime::mouse::Runtime::in_pane_surface_at	N-E
crate::runtime::mouse::Runtime::mouse_input	N-B
crate::runtime::mouse::Runtime::mouse_input	N-B
crate::runtime::mouse::Runtime::mouse_input	N-B
crate::runtime::mouse::Runtime::mouse_input	N-B
crate::runtime::mouse::Runtime::mouse_input	N-B
crate::runtime::mouse::Runtime::mouse_input	N-B
crate::runtime::mouse::Runtime::mouse_input	N-B
crate::runtime::mouse::Runtime::mouse_input	N-B
crate::runtime::mouse::Runtime::mouse_input	N-B
crate::runtime::mouse::Runtime::mouse_input	N-B
crate::runtime::mouse::Runtime::mouse_input	N-B
crate::runtime::mouse::Runtime::mouse_input	N-B
crate::runtime::mouse::Runtime::mouse_input	N-B
crate::runtime::mouse::Runtime::mouse_input	N-B
crate::runtime::mouse::Runtime::mouse_input	N-B
crate::runtime::mouse::Runtime::mouse_input	N-B
crate::runtime::mouse::Runtime::mouse_input	N-B
crate::runtime::mouse::Runtime::mouse_input	N-B
crate::runtime::mouse::Runtime::mouse_input	N-B
crate::runtime::mouse::Runtime::mouse_input	N-B
crate::runtime::mouse::Runtime::mouse_input	N-B
crate::runtime::mouse::Runtime::mouse_input	N-B
crate::runtime::mouse::Runtime::mouse_input	N-B
crate::runtime::mouse::Runtime::mouse_input	N-B
crate::runtime::mouse::Runtime::mouse_input	N-B
crate::runtime::mouse::Runtime::mouse_input	N-B
crate::runtime::mouse::Runtime::mouse_input	N-B
crate::runtime::mouse::Runtime::mouse_input	N-B
crate::runtime::mouse::Runtime::mouse_input	N-B
crate::runtime::mouse::Runtime::mouse_input	N-B
crate::runtime::mouse::Runtime::mouse_input	N-B
crate::runtime::mouse::Runtime::mouse_input	N-B
crate::runtime::mouse::Runtime::mouse_input	N-B
crate::runtime::mouse::Runtime::mouse_input	N-B
crate::runtime::mouse::Runtime::mouse_input	N-B
crate::runtime::mouse::Runtime::mouse_input	N-B
crate::runtime::mouse::Runtime::mouse_input	N-B
crate::runtime::mouse::Runtime::mouse_input	N-B
crate::runtime::mouse::Runtime::mouse_input	N-B
crate::runtime::mouse::Runtime::mouse_input	N-B
crate::runtime::mouse::Runtime::mouse_input	N-B
crate::runtime::mouse::Runtime::mouse_input	N-B
crate::runtime::mouse::Runtime::mouse_input	N-B
crate::runtime::mouse::Runtime::mouse_input	N-B
crate::runtime::mouse::Runtime::mouse_input	N-B
crate::runtime::mouse::Runtime::mouse_input	N-B
crate::runtime::mouse::Runtime::mouse_input	N-B
crate::runtime::mouse::Runtime::mouse_input	N-B
crate::runtime::mouse::Runtime::mouse_input	N-B
crate::runtime::mouse::Runtime::mouse_input	N-B
crate::runtime::mouse::Runtime::mouse_input	N-B
crate::runtime::mouse::Runtime::mouse_input	N-B
crate::runtime::mouse::Runtime::mouse_input	N-B
crate::runtime::mouse::Runtime::mouse_input	N-B
crate::runtime::mouse::Runtime::mouse_input	N-B
crate::runtime::mouse::Runtime::mouse_input	N-B
crate::runtime::mouse::Runtime::mouse_input	N-B
crate::runtime::mouse::Runtime::mouse_input	N-B
crate::runtime::mouse::Runtime::mouse_input	N-B
crate::runtime::mouse::Runtime::mouse_input	N-B
crate::runtime::mouse::Runtime::mouse_input	N-B
crate::runtime::mouse::Runtime::mouse_input	N-B
crate::runtime::mouse::Runtime::mouse_input	N-B
crate::runtime::mouse::Runtime::mouse_input	N-B
crate::runtime::mouse::Runtime::mouse_input	N-B
crate::runtime::mouse::Runtime::mouse_input	N-B
crate::runtime::mouse::Runtime::mouse_input	N-B
crate::runtime::mouse::Runtime::mouse_input	N-B
crate::runtime::mouse::Runtime::mouse_input	N-B
crate::runtime::mouse::Runtime::mouse_input	N-B
crate::runtime::mouse::Runtime::mouse_input	N-B
crate::runtime::mouse::Runtime::mouse_input	N-B
crate::runtime::mouse::Runtime::mouse_input	N-B
crate::runtime::mouse::Runtime::mouse_input	N-B
crate::runtime::mouse::Runtime::mouse_input	N-B
crate::runtime::mouse::Runtime::mouse_input	N-B
crate::runtime::mouse::Runtime::mouse_input	N-B
crate::runtime::mouse::Runtime::mouse_input	N-B
crate::runtime::mouse::Runtime::mouse_input	N-B
crate::runtime::mouse::Runtime::mouse_input	N-B
crate::runtime::mouse::Runtime::mouse_input	N-B
crate::runtime::mouse::Runtime::mouse_input	N-B
crate::runtime::mouse::Runtime::mouse_input	N-B
crate::runtime::mouse::Runtime::mouse_input	N-B
crate::runtime::mouse::Runtime::mouse_input	N-B
crate::runtime::mouse::Runtime::mouse_input	N-P
crate::runtime::mouse::Runtime::mouse_input	N-P
crate::runtime::mouse::Runtime::mouse_input	N-P
crate::runtime::mouse::Runtime::mouse_input	N-P
crate::runtime::mouse::Runtime::mouse_input	N-P
crate::runtime::mouse::Runtime::mouse_input	N-P
crate::runtime::mouse::Runtime::mouse_input	N-P
crate::runtime::mouse::Runtime::mouse_input	N-P
crate::runtime::mouse::Runtime::mouse_input	N-P
crate::runtime::mouse::Runtime::mouse_input	N-P
crate::runtime::mouse::Runtime::mouse_input	N-P
crate::runtime::mouse::Runtime::mouse_input	N-P
crate::runtime::mouse::Runtime::mouse_input	N-P
crate::runtime::mouse::Runtime::mouse_input	N-P
crate::runtime::mouse::Runtime::mouse_input	N-P
crate::runtime::mouse::Runtime::mouse_input	N-P
crate::runtime::mouse::Runtime::mouse_input	N-P
crate::runtime::mouse::Runtime::mouse_input	N-P
crate::runtime::mouse::Runtime::mouse_input	N-P
crate::runtime::mouse::Runtime::mouse_input	N-P
crate::runtime::mouse::Runtime::mouse_input	N-P
crate::runtime::mouse::Runtime::mouse_input	N-P
crate::runtime::mouse::Runtime::mouse_input	N-P
crate::runtime::mouse::Runtime::mouse_input	N-P
crate::runtime::mouse::Runtime::mouse_input	N-P
crate::runtime::mouse::Runtime::mouse_input	N-P
crate::runtime::mouse::Runtime::mouse_input	N-P
crate::runtime::mouse::Runtime::mouse_input	N-P
crate::runtime::mouse::Runtime::mouse_input	N-P
crate::runtime::mouse::Runtime::mouse_input	N-P
crate::runtime::mouse::Runtime::mouse_input	N-P
crate::runtime::mouse::Runtime::mouse_input	N-P
crate::runtime::mouse::Runtime::mouse_input	N-P
crate::runtime::mouse::Runtime::mouse_input	N-P
crate::runtime::mouse::Runtime::mouse_input	N-P
crate::runtime::mouse::Runtime::mouse_input	N-P
crate::runtime::mouse::Runtime::mouse_input	N-P
crate::runtime::mouse::Runtime::mouse_input	N-P
crate::runtime::mouse::Runtime::mouse_input	N-P
crate::runtime::mouse::Runtime::mouse_wheel	N-B
crate::runtime::mouse::Runtime::mouse_wheel	N-B
crate::runtime::mouse::Runtime::mouse_wheel	N-B
crate::runtime::mouse::Runtime::mouse_wheel	N-B
crate::runtime::mouse::Runtime::mouse_wheel	N-B
crate::runtime::mouse::Runtime::mouse_wheel	N-P
crate::runtime::mouse::Runtime::mouse_wheel	N-P
crate::runtime::mouse::Runtime::mouse_wheel	N-P
crate::runtime::mouse::Runtime::mouse_wheel	N-P
crate::runtime::mouse::Runtime::mouse_wheel	N-P
crate::runtime::mouse::Runtime::mouse_wheel	N-P
crate::runtime::mouse::Runtime::mouse_wheel	N-P
crate::runtime::mouse::Runtime::mouse_wheel	N-P
crate::runtime::mouse::Runtime::mouse_wheel	N-P
crate::runtime::mouse::Runtime::mouse_wheel	N-P
crate::runtime::mouse::Runtime::mouse_wheel	N-P
crate::runtime::mouse::Runtime::mouse_wheel	N-P
crate::runtime::mouse::Runtime::mouse_wheel	N-P
crate::runtime::mouse::Runtime::mouse_wheel	N-P
crate::runtime::mouse::Runtime::mouse_wheel	N-P
crate::runtime::mouse::Runtime::mouse_wheel	N-P
crate::runtime::mouse::Runtime::note_terminal_column_hover	N-E
crate::runtime::mouse::Runtime::over_in_pane_claims	N-E
crate::runtime::mouse::Runtime::owned_tooltip_anchor_at	N-E
crate::runtime::mouse::Runtime::painted_over_in_pane_at	N-E
crate::runtime::mouse::Runtime::platform_pointer_now	N-E
crate::runtime::mouse::Runtime::platform_pointer_now	N-S
crate::runtime::mouse::Runtime::pointer_is_on_our_own_glass	N-E
crate::runtime::mouse::Runtime::pointer_left	N-E
crate::runtime::mouse::Runtime::pointer_left	N-P
crate::runtime::mouse::Runtime::pointer_moved	N-E
crate::runtime::mouse::Runtime::pointer_moved	N-P
crate::runtime::mouse::Runtime::pointer_moved	N-P
crate::runtime::mouse::Runtime::pointer_over_a_float	N-E
crate::runtime::mouse::Runtime::pointer_target_at	N-E
crate::runtime::mouse::Runtime::press_float	N-E
crate::runtime::mouse::Runtime::press_in_pane_surface	N-B
crate::runtime::mouse::Runtime::press_in_pane_surface	N-B
crate::runtime::mouse::Runtime::press_in_pane_surface	N-E
crate::runtime::mouse::Runtime::press_on_its_own_trigger	N-E
crate::runtime::mouse::Runtime::press_preview_body_ladder	N-E
crate::runtime::mouse::Runtime::promote_float_head_press	N-E
crate::runtime::mouse::Runtime::queue_wheel	N-B
crate::runtime::mouse::Runtime::rearm_hover_intents	N-P
crate::runtime::mouse::Runtime::release_owned_gesture	N-B
crate::runtime::mouse::Runtime::release_owned_gesture	N-B
crate::runtime::mouse::Runtime::release_owned_gesture	N-B
crate::runtime::mouse::Runtime::release_owned_gesture	N-B
crate::runtime::mouse::Runtime::survey_drop	N-E
crate::runtime::mouse::Runtime::take_forward_wheel_lines	N-B
crate::runtime::mouse::Runtime::take_forward_wheel_lines	N-B
crate::runtime::mouse::Runtime::take_forward_wheel_lines	N-B
crate::runtime::mouse::Runtime::take_forward_wheel_notches	N-B
crate::runtime::mouse::Runtime::take_forward_wheel_notches	N-B
crate::runtime::mouse::Runtime::take_forward_wheel_notches	N-B
crate::runtime::mouse::Runtime::topmost_band_over_in_pane_at	N-E
crate::runtime::mouse::Runtime::update_chrome_hover	N-E
crate::runtime::mouse::Runtime::vertical_wheel_travel	N-B
crate::runtime::mouse::Runtime::wheel_columns	N-B
crate::runtime::mouse::Runtime::wheel_columns	N-B
crate::runtime::mouse::Runtime::wheel_columns	N-B
crate::runtime::mouse::Runtime::wheel_travel	N-B
crate::runtime::mouse::Runtime::wheel_travel	N-B
crate::runtime::mouse::Runtime::wheel_travel	N-B
crate::runtime::palette (outside any item)	N-B
crate::runtime::palette (outside any item)	N-B
crate::runtime::palette (outside any item)	N-E
crate::runtime::palette::Runtime::drive_palette_hover	N-E
crate::runtime::palette::Runtime::palette_key	N-B
crate::runtime::palette::Runtime::scroll_palette_list	N-B
crate::runtime::palette::Runtime::scroll_palette_list	N-P
crate::runtime::panes (outside any item)	N-B
crate::runtime::panes (outside any item)	N-E
crate::runtime::panes::Runtime::advance_pane_menu	N-P
crate::runtime::panes::Runtime::begin_pane_drag	N-E
crate::runtime::panes::Runtime::cancel_divider_drag	N-P
crate::runtime::panes::Runtime::close_pane	N-P
crate::runtime::panes::Runtime::command_rail_at	N-E
crate::runtime::panes::Runtime::docked_chrome_target_at	N-E
crate::runtime::panes::Runtime::drag_hit_in_pane	N-P
crate::runtime::panes::Runtime::drive_command_rail_hover	N-E
crate::runtime::panes::Runtime::drive_divider_drag	N-E
crate::runtime::panes::Runtime::drive_pane_menu_hover	N-E
crate::runtime::panes::Runtime::drive_rail_zone	N-E
crate::runtime::panes::Runtime::pane_menu_row_under_pointer	N-P
crate::runtime::panes::Runtime::panel_covers	N-E
crate::runtime::panes::Runtime::press_command_rail	N-E
crate::runtime::panes::Runtime::rail_contains	N-E
crate::runtime::panes::Runtime::scroll_rail	N-B
crate::runtime::panes::Runtime::scroll_rail	N-P
crate::runtime::panes::Runtime::set_rail_state	N-P
crate::runtime::panes::Runtime::settle_command_rail	N-E
crate::runtime::panes::Runtime::wheel_rail_trace	N-E
crate::runtime::peek (outside any item)	N-B
crate::runtime::peek (outside any item)	N-E
crate::runtime::peek::Runtime::drag_file_peek_thumb	N-E
crate::runtime::peek::Runtime::file_peek_card_layers	N-P
crate::runtime::peek::Runtime::file_peek_card_layers	N-P
crate::runtime::peek::Runtime::file_peek_card_layers	N-P
crate::runtime::peek::Runtime::file_peek_foot_grasp	N-P
crate::runtime::peek::Runtime::file_peek_head_grasp	N-P
crate::runtime::peek::Runtime::layout_peek_target_at	N-E
crate::runtime::peek::Runtime::observe_file_peek	N-P
crate::runtime::peek::Runtime::pointer_is_in_the_peeks_own_glance	N-E
crate::runtime::peek::Runtime::pointer_is_on_the_peeks_reference	N-E
crate::runtime::peek::Runtime::press_file_peek	N-B
crate::runtime::peek::Runtime::press_file_peek	N-B
crate::runtime::peek::Runtime::press_file_peek	N-P
crate::runtime::peek::Runtime::promote_file_peek	N-E
crate::runtime::peek::Runtime::promote_file_peek_press	N-E
crate::runtime::preview (outside any item)	N-B
crate::runtime::preview (outside any item)	N-E
crate::runtime::preview::Runtime::drag_preview_block_thumb	N-E
crate::runtime::preview::Runtime::drag_preview_body_thumb	N-E
crate::runtime::preview::Runtime::drag_preview_image	N-E
crate::runtime::preview::Runtime::drag_preview_selection	N-E
crate::runtime::preview::Runtime::drag_preview_text	N-E
crate::runtime::preview::Runtime::drag_video_bar	N-E
crate::runtime::preview::Runtime::image_grasp	N-P
crate::runtime::preview::Runtime::note_preview_block_hover	N-E
crate::runtime::preview::Runtime::note_preview_body_hover	N-E
crate::runtime::preview::Runtime::note_preview_hex_hover	N-E
crate::runtime::preview::Runtime::note_preview_link_hover	N-E
crate::runtime::preview::Runtime::note_video_hover	N-E
crate::runtime::preview::Runtime::press_preview_block_thumb	N-E
crate::runtime::preview::Runtime::press_preview_body	N-E
crate::runtime::preview::Runtime::press_preview_body_thumb	N-E
crate::runtime::preview::Runtime::press_preview_image	N-E
crate::runtime::preview::Runtime::press_preview_neighbour	N-E
crate::runtime::preview::Runtime::press_preview_text	N-E
crate::runtime::preview::Runtime::press_video_at	N-E
crate::runtime::preview::Runtime::preview_block_bar_under	N-E
crate::runtime::preview::Runtime::preview_block_surface_at	N-E
crate::runtime::preview::Runtime::preview_body_bar_under	N-E
crate::runtime::preview::Runtime::preview_edit_body	N-E
crate::runtime::preview::Runtime::preview_hex_at	N-E
crate::runtime::preview::Runtime::preview_link_at	N-E
crate::runtime::preview::Runtime::preview_md_file_offset_at	N-E
crate::runtime::preview::Runtime::preview_neighbour_at	N-E
crate::runtime::preview::Runtime::preview_neighbour_buttons	N-P
crate::runtime::preview::Runtime::preview_offset_at	N-E
crate::runtime::preview::Runtime::preview_place_at	N-E
crate::runtime::preview::Runtime::preview_rendered_surface_at	N-E
crate::runtime::preview::Runtime::preview_surface_at	N-E
crate::runtime::preview::Runtime::release_preview_text	N-E
crate::runtime::preview::Runtime::scroll_preview_block	N-P
crate::runtime::preview::Runtime::scroll_preview_body	N-B
crate::runtime::preview::Runtime::video_play_mark_layer	N-P
crate::runtime::profiles::Runtime::relight_program_menus	N-P
crate::runtime::search (outside any item)	N-E
crate::runtime::search::Runtime::drive_search_hover	N-E
crate::runtime::search::Runtime::press_search	N-E
crate::runtime::search::Runtime::search_at	N-E
crate::runtime::search::Runtime::search_part_at	N-E
crate::runtime::tabs (outside any item)	N-B
crate::runtime::tabs (outside any item)	N-E
crate::runtime::tabs::Runtime::advance_tab_menu	N-P
crate::runtime::tabs::Runtime::begin_tab_drag	N-E
crate::runtime::tabs::Runtime::drive_tab_menu_hover	N-E
crate::runtime::tabs::Runtime::leave_strip	N-E
crate::runtime::tabs::Runtime::open_tab_menu_at	N-E
crate::runtime::tabs::Runtime::press_tab	N-E
crate::runtime::tabs::Runtime::scroll_tab_strip	N-B
crate::runtime::tabs::Runtime::scroll_tab_strip	N-B
crate::runtime::tabs::Runtime::scroll_tab_strip	N-B
crate::runtime::tabs::Runtime::scroll_tab_strip	N-P
crate::runtime::tabs::Runtime::settle_strip_reorder	N-E
crate::runtime::tabs::Runtime::survey_strip	N-E
crate::runtime::tabs::Runtime::tab_list_target_at	N-E
crate::runtime::terminal (outside any item)	N-E
crate::runtime::terminal::Runtime::screen_to_client	N-E
crate::runtime::terminal::Runtime::screen_to_client	N-E
crate::runtime::terminal::Runtime::terminal_bar_under	N-E
crate::runtime::terminal::Runtime::terminal_column_bar_under	N-E
crate::runtime::terminal::Runtime::to_screen	N-E
crate::runtime::tooltips (outside any item)	N-E
crate::runtime::tooltips::Runtime::tooltip_anchor_at	N-E
crate::runtime::web (outside any item)	N-B
crate::runtime::web (outside any item)	N-B
crate::runtime::web (outside any item)	N-E
crate::runtime::web::Runtime::drive_web_pointer	N-E
crate::runtime::web::Runtime::drive_web_pointer	N-E
crate::runtime::web::Runtime::point_is_on_the_web_page	N-E
crate::runtime::web::Runtime::press_web_page	N-B
crate::runtime::web::Runtime::press_web_page	N-B
crate::runtime::web::Runtime::press_web_page	N-B
crate::runtime::web::Runtime::press_web_page	N-E
crate::runtime::web::Runtime::press_web_sheet	N-E
crate::runtime::web::Runtime::scroll_web_page	N-E
crate::runtime::web::Runtime::send_to_web_page	N-E
crate::runtime::web::Runtime::send_to_web_page_at	N-E
crate::runtime::web::Runtime::web_page_at	N-E
crate::runtime::web::Runtime::web_page_shown_at	N-E
crate::upright_wheel	N-B
crate::upright_wheel	N-B
crate::upright_wheel	N-B
crate::upright_wheel	N-B
crate::upright_wheel	N-B
crate::upright_wheel	N-B
crate::upright_wheel	N-E
crate::web_mouse_button	N-B
crate::web_mouse_button	N-B
crate::web_mouse_button	N-B
crate::web_mouse_button	N-B
crate::web_mouse_button	N-B
crate::web_mouse_button	N-B
crate::web_mouse_button	N-B
crate::web_mouse_button	N-B
crate::web_mouse_button	N-B
crate::web_mouse_button	N-B
crate::web_mouse_button	N-B
crate::web_mouse_button	N-B
crate::wheel_points_sideways	N-B
crate::wheel_points_sideways	N-B
crate::wheel_points_sideways	N-B
crate::wheel_steps_text_size	N-B
crate::wheel_zoom_notches	N-B
crate::wheel_zoom_notches	N-B
crate::wheel_zoom_notches	N-B
