# The layers of docs/ARCHITECTURE.md section 3, one row per first-party crate (a workspace member
# whose directory is under crates/; the vendored crates under vendor/ are not first-party).
# scripts/ci/check-crate-edges.ps1 requires every normal and build dependency between two first-party
# crates, target-specific tables included, to go from a higher layer to a lower one; a same-layer or
# upward edge passes only as a row of scripts/ci/crate-edge-exemptions.tsv. A first-party crate with
# no row here fails the gate, and so does a row naming no first-party crate: a new crate is placed on
# purpose. Dev-dependencies are not layer edges (ARCHITECTURE section 3.2: bt-pty names bt-term only
# as a dev-dependency, and that is the repair of the edge).
#
# 0  no first-party dependency: the Unicode tables, the layout solver, SHA-256 and the release format
# 1  bt-transcript (the text model); bt-workbench, which depends on bt-layout and on nothing that
#    reads a window, a clock, a file or the platform
# 2  bt-doc; bt-platform, which bt-term may depend on (section 3.2: the right direction)
# 3  detection and the viewport over documents; persistence and the PTY transport over the platform
# 4  bt-term, bt-render and bt-math, one layer: none of the three may depend on another, and
#    bt-term's dependency on bt-math is recorded debt (section 3.2, structural-debt D-15)
# 5  bt-app; bt-corpus and bt-lint-probe, tools nothing depends on; bt-source, which only tests read
crate	layer
bt-unicode	0
bt-layout	0
bt-winres	0
bt-transcript	1
bt-workbench	1
bt-doc	2
bt-platform	2
bt-detect	3
bt-viewport	3
bt-persist	3
bt-pty	3
bt-term	4
bt-render	4
bt-math	4
bt-app	5
bt-corpus	5
bt-lint-probe	5
bt-source	5
